timestamp,c.air.compressor,c.encoder.horizontal1,c.encoder.horizontal2,c.encoder.rotate1,c.encoder.rotate2,c.encoder.vertical1,c.encoder.vertical2,c.motor.backward,c.motor.ccw,c.motor.cw,c.motor.down,c.motor.forward,c.motor.up,c.ref.horizontal,c.ref.rotate,c.ref.vertical,c.valve.vacuum,hbw.encoder.horizontal1,hbw.encoder.horizontal2,hbw.encoder.vertical1,hbw.encoder.vertical2,hbw.motor.cantilever_backward,hbw.motor.cantilever_forward,hbw.motor.conveyor_backward,hbw.motor.conveyor_forward,hbw.motor.crane_conveyor,hbw.motor.crane_down,hbw.motor.crane_rack,hbw.motor.crane_up,hbw.ref.cantilever_back,hbw.ref.cantilever_front,hbw.ref.horizontal,hbw.ref.vertical,hbw.sensor.inside,hbw.sensor.outside,hbw.sensor.trail_bottom,hbw.sensor.trail_top,local.crane_coord_h,local.crane_coord_r,local.crane_coord_v,ms.air.compressor,ms.motor.conveyor,ms.motor.saw,ms.motor.slider_in,ms.motor.slider_out,ms.motor.transfer_oven,ms.motor.transfer_turntable,ms.motor.turntable_ccw,ms.motor.turntable_cw,ms.oven.slider_inside,ms.oven.slider_outside,ms.process.burn,ms.sensor.conveyor,ms.sensor.oven,ms.transfer.oven,ms.transfer.turntable,ms.turntable.conveyor,ms.turntable.saw,ms.turntable.transfer,ms.valve.ejector,ms.valve.oven_door,ms.valve.transfer,ms.valve.vacuum,pm.motor.conveyor_backward,pm.motor.conveyor_forward,pm.motor.tool_down,pm.motor.tool_up,pm.ref.bottom,pm.ref.top,pm.sensor.entry,pm.sensor.tool,sl.air.compressor,sl.motor.conveyor,sl.sensor.after_color,sl.sensor.before_color,sl.sensor.blue,sl.sensor.color_value,sl.sensor.pulse,sl.sensor.red,sl.sensor.white,sl.valve.blue,sl.valve.red,sl.valve.white
2026-09-25T09:22:54.484315+00:00,False,True,False,False,True,False,True,False,False,False,False,False,False,False,False,True,False,True,False,False,False,False,False,False,False,False,False,False,False,True,False,False,False,True,True,True,False,0,0,0,False,False,False,False,False,False,False,False,False,False,True,False,False,True,False,True,True,False,False,False,False,False,False,False,False,False,False,True,False,True,True,False,False,True,True,True,0,True,True,True,False,False,False
2026-09-25T09:22:55.555239+00:00,False,True,False,False,True,False,True,False,False,False,False,False,False,False,False,True,False,True,False,False,False,False,False,False,False,False,False,False,False,True,False,False,False,True,True,True,False,0,0,0,False,False,False,False,False,False,False,False,False,False,True,False,False,True,False,True,True,False,False,False,False,False,False,False,False,False,False,True,False,True,True,False,False,True,True,True,0,True,True,True,False,False,False
2026-09-25T09:22:55.960308+00:00,False,True,False,False,True,False,True,False,False,False,False,False,False,False,False,True,False,True,False,False,False,False,False,False,False,False,False,False,False,True,False,False,False,True,True,True,False,0,0,0,False,False,False,False,False,False,False,False,False,False,True,False,False,True,False,True,True,False,False,False,False,False,False,False,False,False,False,True,False,True,True,False,False,True,True,True,0,True,True,True,False,False,False
2026-09-25T09:22:56.649305+00:00,False,True,False,False,True,False,True,False,False,False,False,False,False,False,False,True,False,True,False,False,False,False,False,False,False,False,False,False,False,True,False,False,False,True,True,True,False,0,0,0,False,False,False,False,False,False,False,False,False,False,True,False,False,True,False,True,True,False,False,False,False,False,False,False,False,False,False,True,False,True,True,False,False,True,True,True,0,True,True,True,False,False,False
2026-09-25T09:22:57.475491+00:00,False,True,False,False,True,False,True,False,False,False,False,False,False,False,False,True,False,True,False,False,False,False,False,False,False,False,False,False,False,True,False,False,False,True,True,True,False,0,0,0,False,False,False,False,False,False,False,False,False,False,True,False,False,True,False,True,True,False,False,False,False,False,False,False,False,False,False,True,False,True,True,False,False,True,True,True,0,True,True,True,False,False,False
2026-09-25T09:22:58.703895+00:00,False,True,False,False,True,False,True,False,False,False,False,False,False,False,False,True,False,True,False,False,False,False,False,False,False,False,False,False,False,True,False,False,False,True,True,True,False,0,0,0,False,False,False,False,False,False,False,False,False,False,True,False,False,True,False,True,True,False,False,False,False,False,False,False,False,False,False,True,False,True,True,False,False,True,True,True,0,True,True,True,False,False,False
2026-09-25T09:22:59.515731+00:00,False,True,False,False,True,False,True,False,False,False,False,False,False,False,False,True,False,True,False,False,False,False,False,False,False,False,False,False,False,True,False,False,False,True,True,True,False,0,0,0,False,False,False,False,False,False,False,False,False,False,True,False,False,True,False,True,True,False,False,False,False,False,False,False,False,False,False,True,False,True,True,False,False,True,True,True,1,True,True,True,False,False,False
2026-09-25T09:23:00.570941+00:00,False,True,False,False,True,False,True,False,False,False,False,False,False,False,False,True,False,True,False,False,False,False,False,False,False,False,False,False,False,True,False,False,False,True,True,True,False,0,0,0,False,False,False,False,False,False,False,False,False,False,True,False,False,True,False,True,True,False,False,False,False,False,False,False,False,False,False,True,False,True,True,False,False,True,True,True,0,True,True,True,False,False,False
2026-09-25T09:23:01.376785+00:00,False,True,False,False,True,False,True,False,False,False,False,False,False,False,False,True,False,True,False,False,False,False,False,False,False,False,False,False,False,True,False,False,False,True,True,True,False,0,0,0,False,False,False,False,False,False,False,False,False,False,True,False,False,True,False,True,True,False,False,False,False,False,False,False,False,False,False,True,False,True,True,False,False,True,True,True,0,True,True,True,False,False,False
2026-09-25T09:23:02.489477+00:00,False,True,False,False,True,False,True,False,False,False,False,False,False,False,False,True,False,True,False,False,False,False,False,False,False,False,False,False,False,True,False,False,False,True,True,True,False,0,0,0,False,False,False,False,False,False,False,False,False,False,True,False,False,True,False,True,True,False,False,False,False,False,False,False,False,False,False,True,False,True,True,False,False,True,True,True,0,True,True,True,False,False,False
2026-09-25T09:23:03.571050+00:00,False,True,False,False,True,False,True,False,False,False,False,False,False,False,False,True,False,True,False,False,False,False,False,False,False,False,False,False,False,True,False,False,False,True,True,True,False,0,0,0,False,False,False,False,False,False,False,False,False,False,True,False,False,True,False,True,True,False,False,False,False,False,False,False,False,False,False,True,False,True,True,False,False,True,True,True,0,True,True,True,False,False,False
2026-09-25T09:23:04.641574+00:00,False,True,False,False,True,False,True,False,False,False,False,False,False,False,False,True,False,True,False,False,False,False,False,False,False,False,False,False,False,True,False,False,False,True,True,True,False,0,0,0,False,False,False,False,False,False,False,False,False,False,True,False,False,True,False,True,True,False,False,False,False,False,False,False,False,False,False,True,False,True,True,False,False,True,True,True,0,True,True,True,False,False,False
2026-09-25T09:23:05.450417+00:00,False,True,False,False,True,False,True,False,False,False,False,False,False,False,False,True,False,True,False,False,False,False,False,False,False,False,False,False,False,True,False,False,False,True,True,True,False,0,0,0,False,False,False,False,False,False,False,False,False,False,True,False,False,True,False,True,True,False,False,False,False,False,False,False,False,False,False,True,False,True,True,False,False,True,True,True,0,True,True,True,False,False,False
2026-09-25T09:23:06.507621+00:00,False,True,False,False,True,False,True,False,False,False,False,False,False,False,False,True,False,True,False,False,False,False,False,False,False,False,False,False,False,True,False,False,False,True,True,True,False,0,0,0,False,False,False,False,False,False,False,False,False,False,True,False,False,True,False,True,True,False,False,False,False,False,False,False,False,False,False,True,False,True,True,False,False,True,True,True,0,True,True,True,False,False,False
2026-09-25T09:23:07.586691+00:00,False,True,False,False,True,False,True,False,False,False,False,False,False,False,False,True,False,True,False,False,False,False,False,False,False,False,False,False,False,True,False,False,False,True,True,True,False,0,0,0,False,False,False,False,False,False,False,False,False,False,True,False,False,True,False,True,True,False,False,False,False,False,False,False,False,False,False,True,False,True,True,False,False,True,True,True,0,True,True,True,False,False,False
2026-09-25T09:23:08.361852+00:00,False,True,False,False,True,False,True,False,False,False,False,False,False,False,False,True,False,True,False,False,False,False,False,False,False,False,False,False,False,True,False,False,False,True,True,True,False,0,0,0,False,False,False,False,False,False,False,False,False,False,True,False,False,True,False,True,True,False,False,False,False,False,False,False,False,False,False,True,False,True,True,False,False,True,True,True,0,True,True,True,False,False,False
2026-09-25T09:23:09.523050+00:00,False,True,False,False,True,False,True,False,False,False,False,False,False,False,False,True,False,True,False,False,False,False,False,False,False,False,False,False,False,True,False,False,False,True,True,True,False,0,0,0,False,False,False,False,False,False,False,False,False,False,True,False,False,True,False,True,True,False,False,False,False,False,False,False,False,False,False,True,False,True,True,False,False,True,True,True,0,True,True,True,False,False,False
2026-09-25T09:23:10.591938+00:00,False,True,False,False,True,False,True,False,False,False,False,False,False,False,False,True,False,True,False,False,False,False,False,False,False,False,False,False,False,True,False,False,False,True,True,True,False,0,0,0,False,False,False,False,False,False,False,False,False,False,True,False,False,True,False,True,True,False,False,False,False,False,False,False,False,False,False,True,False,True,True,False,False,True,True,True,0,True,True,True,False,False,False
2026-09-25T09:23:11.711468+00:00,False,True,False,False,True,False,True,False,False,False,False,False,False,False,False,True,False,True,False,False,False,False,False,False,False,False,False,False,False,True,False,False,False,True,True,True,False,0,0,0,False,False,False,False,False,False,False,False,False,False,True,False,False,True,False,True,True,False,False,False,False,False,False,False,False,False,False,True,False,True,True,False,False,True,True,True,0,True,True,True,False,False,False
2026-09-25T09:23:12.486069+00:00,False,True,False,False,True,False,True,False,False,False,False,False,False,False,False,True,False,True,False,False,False,False,False,False,False,False,False,False,False,True,False,False,False,True,True,True,False,0,0,0,False,False,False,False,False,False,False,False,False,False,True,False,False,True,False,True,True,False,False,False,False,False,False,False,False,False,False,True,False,True,True,False,False,True,True,True,0,True,True,True,False,False,False
2026-09-25T09:23:13.566990+00:00,False,True,False,False,True,False,True,False,False,False,False,False,False,False,False,True,False,True,False,False,False,False,False,False,False,False,False,False,False,True,False,False,False,True,True,True,False,0,0,0,False,False,False,False,False,False,False,False,False,False,True,False,False,True,False,True,True,False,False,False,False,False,False,False,False,False,False,True,False,True,True,False,False,True,True,True,0,True,True,True,False,False,False
2026-09-25T09:23:14.706631+00:00,False,True,False,False,True,False,True,False,False,False,False,False,False,False,False,True,False,True,False,False,False,False,False,False,False,False,False,False,False,True,False,False,False,True,True,True,False,0,0,0,False,False,False,False,False,False,False,False,False,False,True,False,False,True,False,True,True,False,False,False,False,False,False,False,False,False,False,True,False,True,True,False,False,True,True,True,0,True,True,True,False,False,False
2026-09-25T09:23:15.483674+00:00,False,True,False,False,True,False,True,False,False,False,False,False,False,False,False,True,False,True,False,False,False,False,False,False,False,False,False,False,False,True,False,False,False,True,True,True,False,0,0,0,False,False,False,False,False,False,False,False,False,False,True,False,False,True,False,True,True,False,False,False,False,False,False,False,False,False,False,True,False,True,True,False,False,True,True,True,0,True,True,True,False,False,False
2026-09-25T09:23:16.531746+00:00,False,True,False,False,True,False,True,False,False,False,False,False,False,False,False,True,False,True,False,False,False,False,False,False,False,False,False,False,False,True,False,False,False,True,True,True,False,0,0,0,False,False,False,False,False,False,False,False,False,False,True,False,False,True,False,True,True,False,False,False,False,False,False,False,False,False,False,True,False,True,True,False,False,True,True,True,0,True,True,True,False,False,False
2026-09-25T09:23:17.586798+00:00,False,True,False,False,True,False,True,False,False,False,False,False,False,False,False,True,False,True,False,False,False,False,False,False,False,False,False,False,False,True,False,False,False,True,True,True,False,0,0,0,False,False,False,False,False,False,False,False,False,False,True,False,False,True,False,True,True,False,False,False,False,False,False,False,False,False,False,True,False,True,True,False,False,True,True,True,0,True,True,True,False,False,False
2026-09-25T09:23:18.350760+00:00,False,True,False,False,True,False,True,False,False,False,False,False,False,False,False,True,False,True,False,False,False,False,False,False,False,False,False,False,False,True,False,False,False,True,True,True,False,0,0,0,False,False,False,False,False,False,False,False,False,False,True,False,False,True,False,True,True,False,False,False,False,False,False,False,False,False,False,True,False,True,True,False,False,True,True,True,0,True,True,True,False,False,False
2026-09-25T09:23:19.614126+00:00,False,True,False,False,True,False,True,False,False,False,False,False,False,False,False,True,False,True,False,False,False,False,False,False,False,False,False,False,False,True,False,False,False,True,True,True,False,0,0,0,False,False,False,False,False,False,False,False,False,False,True,False,False,True,False,True,True,False,False,False,False,False,False,False,False,False,False,True,False,True,True,False,False,True,True,True,1,True,True,True,False,False,False
2026-09-25T09:23:20.429281+00:00,False,True,False,False,True,False,True,False,False,False,False,False,False,False,False,True,False,True,False,False,False,False,False,False,False,False,False,False,False,True,False,False,False,True,True,True,False,0,0,0,False,False,False,False,False,False,False,False,False,False,True,False,False,True,False,True,True,False,False,False,False,False,False,False,False,False,False,True,False,True,True,False,False,True,True,True,0,True,True,True,False,False,False
2026-09-25T09:23:21.478610+00:00,False,True,False,False,True,False,True,False,False,False,False,False,False,False,False,True,False,True,False,False,False,False,False,False,False,False,False,False,False,True,False,False,False,True,True,True,False,0,0,0,False,False,False,False,False,False,False,False,False,False,True,False,False,True,False,True,True,False,False,False,False,False,False,False,False,False,False,True,False,True,True,False,False,True,True,True,0,True,True,True,False,False,False
2026-09-25T09:23:22.581591+00:00,False,True,False,False,True,False,True,False,False,False,False,False,False,False,False,True,False,True,False,False,False,False,False,False,False,False,False,False,False,True,False,False,False,True,True,True,False,0,0,0,False,False,False,False,False,False,False,False,False,False,True,False,False,True,False,True,True,False,False,False,False,False,False,False,False,False,False,True,False,True,True,False,False,True,True,True,0,True,True,True,False,False,False
2026-09-25T09:23:23.707462+00:00,False,True,False,False,True,False,True,False,False,False,False,False,False,False,False,True,False,True,False,False,False,False,False,False,False,False,False,False,False,True,False,False,False,True,True,True,False,0,0,0,False,False,False,False,False,False,False,False,False,False,True,False,False,True,False,True,True,False,False,False,False,False,False,False,False,False,False,True,False,True,True,False,False,True,True,True,0,True,True,True,False,False,False
2026-09-25T09:23:24.555779+00:00,False,True,False,False,True,False,True,False,False,False,False,False,False,False,False,True,False,True,False,False,False,False,False,False,False,False,False,False,False,True,False,False,False,True,True,True,False,0,0,0,False,False,False,False,False,False,False,False,False,False,True,False,False,True,False,True,True,False,False,False,False,False,False,False,False,False,False,True,False,True,True,False,False,True,True,True,1,True,True,True,False,False,False
2026-09-25T09:23:25.693161+00:00,False,True,False,False,True,False,True,False,False,False,False,False,False,False,False,True,False,True,False,False,False,False,False,False,False,False,False,False,False,True,False,False,False,True,True,True,False,0,0,0,False,False,False,False,False,False,False,False,False,False,True,False,False,True,False,True,True,False,False,False,False,False,False,False,False,False,False,True,False,True,True,False,False,True,True,True,0,True,True,True,False,False,False
2026-09-25T09:23:26.452972+00:00,False,True,False,False,True,False,True,False,False,False,False,False,False,False,False,True,False,True,False,False,False,False,False,False,False,False,False,False,False,True,False,False,False,True,True,True,False,0,0,0,False,False,False,False,False,False,False,False,False,False,True,False,False,True,False,True,True,False,False,False,False,False,False,False,False,False,False,True,False,True,True,False,False,True,True,True,0,True,True,True,False,False,False
2026-09-25T09:23:27.501884+00:00,False,True,False,False,True,False,True,False,False,False,False,False,False,False,False,True,False,True,False,False,False,False,False,False,False,False,False,False,False,True,False,False,False,True,True,True,False,0,0,0,False,False,False,False,False,False,False,False,False,False,True,False,False,True,False,True,True,False,False,False,False,False,False,False,False,False,False,True,False,True,True,False,False,True,True,True,0,True,True,True,False,False,False
2026-09-25T09:23:28.664115+00:00,False,True,False,False,True,False,True,False,False,False,False,False,False,False,False,True,False,True,False,False,False,False,False,False,False,False,False,False,False,True,False,False,False,True,True,True,False,0,0,0,False,False,False,False,False,False,False,False,False,False,True,False,False,True,False,True,True,False,False,False,False,False,False,False,False,False,False,True,False,True,True,False,False,True,True,True,0,True,True,True,False,False,False
2026-09-25T09:23:29.536163+00:00,False,True,False,False,True,False,True,False,False,False,False,False,False,False,False,True,False,True,False,False,False,False,False,False,False,False,False,False,False,True,False,False,False,True,True,True,False,0,0,0,False,False,False,False,False,False,False,False,False,False,True,False,False,True,False,True,True,False,False,False,False,False,False,False,False,False,False,True,False,True,True,False,False,True,True,True,0,True,True,True,False,False,False
2026-09-25T09:23:30.622158+00:00,False,True,False,False,True,False,True,False,False,False,False,False,False,False,False,True,False,True,False,False,False,False,False,False,False,False,False,False,False,True,False,False,False,True,True,True,False,0,0,0,False,False,False,False,False,False,False,False,False,False,True,False,False,True,False,True,True,False,False,False,False,False,False,False,False,False,False,True,False,True,True,False,False,True,True,True,0,True,True,True,False,False,False
2026-09-25T09:23:31.699824+00:00,False,True,False,False,True,False,True,False,False,False,False,False,False,False,False,True,False,True,False,False,False,False,False,False,False,False,False,False,False,True,False,False,False,True,True,True,False,0,0,0,False,False,False,False,False,False,False,False,False,False,True,False,False,True,False,True,True,False,False,False,False,False,False,False,False,False,False,True,False,True,True,False,False,True,True,True,0,True,True,True,False,False,False
2026-09-25T09:23:32.487432+00:00,False,True,False,False,True,False,True,False,False,False,False,False,False,False,False,True,False,True,False,False,False,False,False,False,False,False,False,False,False,True,False,False,False,True,True,True,False,0,0,0,False,False,False,False,False,False,False,False,False,False,True,False,False,True,False,True,True,False,False,False,False,False,False,False,False,False,False,True,False,True,True,False,False,True,True,True,0,True,True,True,False,False,False
2026-09-25T09:23:33.539611+00:00,False,True,False,False,True,False,True,False,False,False,False,False,False,False,False,True,False,True,False,False,False,False,False,False,False,False,False,False,False,True,False,False,False,True,True,True,False,0,0,0,False,False,False,False,False,False,False,False,False,False,True,False,False,True,False,True,True,False,False,False,False,False,False,False,False,False,False,True,False,True,True,False,False,True,True,True,0,True,True,True,False,False,False
2026-09-25T09:23:34.699999+00:00,False,True,False,False,True,False,True,False,False,False,False,False,False,False,False,True,False,True,False,False,False,False,False,False,False,False,False,False,False,True,False,False,False,True,True,True,False,0,0,0,False,False,False,False,False,False,False,False,False,False,True,False,False,True,False,True,True,False,False,False,False,False,False,False,False,False,False,True,False,True,True,False,False,True,True,True,0,True,True,True,False,False,False
2026-09-25T09:23:35.519111+00:00,False,True,False,False,True,False,True,False,False,False,False,False,False,False,False,True,False,True,False,False,False,False,False,False,False,False,False,False,False,True,False,False,False,True,True,True,False,0,0,0,False,False,False,False,False,False,False,False,False,False,True,False,False,True,False,True,True,False,False,False,False,False,False,False,False,False,False,True,False,True,True,False,False,True,True,True,0,True,True,True,False,False,False
2026-09-25T09:23:36.572887+00:00,False,True,False,False,True,False,True,False,False,False,False,False,False,False,False,True,False,True,False,False,False,False,False,False,False,False,False,False,False,True,False,False,False,True,True,True,False,0,0,0,False,False,False,False,False,False,False,False,False,False,True,False,False,True,False,True,True,False,False,False,False,False,False,False,False,False,False,True,False,True,True,False,False,True,True,True,0,True,True,True,False,False,False
2026-09-25T09:23:37.630851+00:00,False,True,False,False,True,False,True,False,False,False,False,False,False,False,False,True,False,True,False,False,False,False,False,False,False,False,False,False,False,True,False,False,False,True,True,True,False,0,0,0,False,False,False,False,False,False,False,False,False,False,True,False,False,True,False,True,True,False,False,False,False,False,False,False,False,False,False,True,False,True,True,False,False,True,True,True,0,True,True,True,False,False,False
2026-09-25T09:23:38.457194+00:00,False,True,False,False,True,False,True,False,False,False,False,False,False,False,False,True,False,True,False,False,False,False,False,False,False,False,False,False,False,True,False,False,False,True,True,True,False,0,0,0,False,False,False,False,False,False,False,False,False,False,True,False,False,True,False,True,True,False,False,False,False,False,False,False,False,False,False,True,False,True,True,False,False,True,True,True,0,True,True,True,False,False,False
2026-09-25T09:23:39.635539+00:00,False,True,False,False,True,False,True,False,False,False,False,False,False,False,False,True,False,True,False,False,False,False,False,False,False,False,False,False,False,True,False,False,False,True,True,True,False,0,0,0,False,False,False,False,False,False,False,False,False,False,True,False,False,True,False,True,True,False,False,False,False,False,False,False,False,False,False,True,False,True,True,False,False,True,True,True,0,True,True,True,False,False,False
2026-09-25T09:23:40.456409+00:00,False,True,False,False,True,False,True,False,False,False,False,False,False,False,False,True,False,True,False,False,False,False,False,False,False,False,False,False,False,True,False,False,False,True,True,True,False,0,0,0,False,False,False,False,False,False,False,False,False,False,True,False,False,True,False,True,True,False,False,False,False,False,False,False,False,False,False,True,False,True,True,False,False,True,True,True,0,True,True,True,False,False,False
2026-09-25T09:23:41.519983+00:00,False,True,False,False,True,False,True,False,False,False,False,False,False,False,False,True,False,True,False,False,False,False,False,False,False,False,False,False,False,True,False,False,False,True,True,True,False,0,0,0,False,False,False,False,False,False,False,False,False,False,True,False,False,True,False,True,True,False,False,False,False,False,False,False,False,False,False,True,False,True,True,False,False,True,True,True,0,True,True,True,False,False,False
2026-09-25T09:23:42.607700+00:00,False,True,False,False,True,False,True,False,False,False,False,False,False,False,False,True,False,True,False,False,False,False,False,False,False,False,False,False,False,True,False,False,False,True,True,True,False,0,0,0,False,False,False,False,False,False,False,False,False,False,True,False,False,True,False,True,True,False,False,False,False,False,False,False,False,False,False,True,False,True,True,False,False,True,True,True,0,True,True,True,False,False,False
2026-09-25T09:23:43.695866+00:00,False,True,False,False,True,False,True,False,False,False,False,False,False,False,False,True,False,True,False,False,False,False,False,False,False,False,False,False,False,True,False,False,False,True,True,True,False,0,0,0,False,False,False,False,False,False,False,False,False,False,True,False,False,True,False,True,True,False,False,False,False,False,False,False,False,False,False,True,False,True,True,False,False,True,True,True,0,True,True,True,False,False,False
2026-09-25T09:23:44.454093+00:00,False,True,False,False,True,False,True,False,False,False,False,False,False,False,False,True,False,True,False,False,False,False,False,False,False,False,False,False,False,True,False,False,False,True,True,True,False,0,0,0,False,False,False,False,False,False,False,False,False,False,True,False,False,True,False,True,True,False,False,False,False,False,False,False,False,False,False,True,False,True,True,False,False,True,True,True,0,True,True,True,False,False,False
2026-09-25T09:23:45.512842+00:00,False,True,False,False,True,False,True,False,False,False,False,False,False,False,False,True,False,True,False,False,False,False,False,False,False,False,False,False,False,True,False,False,False,True,True,True,False,0,0,0,False,False,False,False,False,False,False,False,False,False,True,False,False,True,False,True,True,False,False,False,False,False,False,False,False,False,False,True,False,True,True,False,False,True,True,True,0,True,True,True,False,False,False
2026-09-25T09:23:46.562261+00:00,False,True,False,False,True,False,True,False,False,False,False,False,False,False,False,True,False,True,False,False,False,False,False,False,False,False,False,False,False,True,False,False,False,True,True,True,False,0,0,0,False,False,False,False,False,False,False,False,False,False,True,False,False,True,False,True,True,False,False,False,False,False,False,False,False,False,False,True,False,True,True,False,False,True,True,True,0,True,True,True,False,False,False
2026-09-25T09:23:47.411356+00:00,False,True,False,False,True,False,True,False,False,False,False,False,False,False,False,True,False,True,False,False,False,False,False,False,False,False,False,False,False,True,False,False,False,True,True,True,False,0,0,0,False,False,False,False,False,False,False,False,False,False,True,False,False,True,False,True,True,False,False,False,False,False,False,False,False,False,False,True,False,True,True,False,False,True,True,True,0,True,True,True,False,False,False
2026-09-25T09:23:48.467639+00:00,False,True,False,False,True,False,True,False,False,False,False,False,False,False,False,True,False,True,False,False,False,False,False,False,False,False,False,False,False,True,False,False,False,True,True,True,False,0,0,0,False,False,False,False,False,False,False,False,False,False,True,False,False,True,False,True,True,False,False,False,False,False,False,False,False,False,False,True,False,True,True,False,False,True,True,True,0,True,True,True,False,False,False
2026-09-25T09:23:49.618695+00:00,False,True,False,False,True,False,True,False,False,False,False,False,False,False,False,True,False,True,False,False,False,False,False,False,False,False,False,False,False,True,False,False,False,True,True,True,False,0,0,0,False,False,False,False,False,False,False,False,False,False,True,False,False,True,False,True,True,False,False,False,False,False,False,False,False,False,False,True,False,True,True,False,False,True,True,True,0,True,True,True,False,False,False
2026-09-25T09:23:50.405493+00:00,False,True,False,False,True,False,True,False,False,False,False,False,False,False,False,True,False,True,False,False,False,False,False,False,False,False,False,False,False,True,False,False,False,True,True,True,False,0,0,0,False,False,False,False,False,False,False,False,False,False,True,False,False,True,False,True,True,False,False,False,False,False,False,False,False,False,False,True,False,True,True,False,False,True,True,True,0,True,True,True,False,False,False
2026-09-25T09:23:51.496930+00:00,False,True,False,False,True,False,True,False,False,False,False,False,False,False,False,True,False,True,False,False,False,False,False,False,False,False,False,False,False,True,False,False,False,True,True,True,False,0,0,0,False,False,False,False,False,False,False,False,False,False,True,False,False,True,False,True,True,False,False,False,False,False,False,False,False,False,False,True,False,True,True,False,False,True,True,True,0,True,True,True,False,False,False
2026-09-25T09:23:52.556625+00:00,False,True,False,False,True,False,True,False,False,False,False,False,False,False,False,True,False,True,False,False,False,False,False,False,False,False,False,False,False,True,False,False,False,True,True,True,False,0,0,0,False,False,False,False,False,False,False,False,False,False,True,False,False,True,False,True,True,False,False,False,False,False,False,False,False,False,False,True,False,True,True,False,False,True,True,True,0,True,True,True,False,False,False
2026-09-25T09:23:53.601853+00:00,False,True,False,False,True,False,True,False,False,False,False,False,False,False,False,True,False,True,False,False,False,False,False,False,False,False,False,False,False,True,False,False,False,True,True,True,False,0,0,0,False,False,False,False,False,False,False,False,False,False,True,False,False,True,False,True,True,False,False,False,False,False,False,False,False,False,False,True,False,True,True,False,False,True,True,True,0,True,True,True,False,False,False
2026-09-25T09:23:54.425023+00:00,False,True,False,False,True,False,True,False,False,False,False,False,False,False,False,True,False,True,False,False,False,False,False,False,False,False,False,False,False,True,False,False,False,True,True,True,False,0,0,0,False,False,False,False,False,False,False,False,False,False,True,False,False,True,False,True,True,False,False,False,False,False,False,False,False,False,False,True,False,True,True,False,False,True,True,True,0,True,True,True,False,False,False
2026-09-25T09:23:55.521120+00:00,False,True,False,False,True,False,True,False,False,False,False,False,False,False,False,True,False,True,False,False,False,False,False,False,False,False,False,False,False,True,False,False,False,True,True,True,False,0,0,0,False,False,False,False,False,False,False,False,False,False,True,False,False,True,False,True,True,False,False,False,False,False,False,False,False,False,False,True,False,True,True,False,False,True,True,True,0,True,True,True,False,False,False
2026-09-25T09:23:56.579324+00:00,False,True,False,False,True,False,True,False,False,False,False,False,False,False,False,True,False,True,False,False,False,False,False,False,False,False,False,False,False,True,False,False,False,True,True,True,False,0,0,0,False,False,False,False,False,False,False,False,False,False,True,False,False,True,False,True,True,False,False,False,False,False,False,False,False,False,False,True,False,True,True,False,False,True,True,True,0,True,True,True,False,False,False
2026-09-25T09:23:57.641475+00:00,False,True,False,False,True,False,True,False,False,False,False,False,False,False,False,True,False,True,False,False,False,False,False,False,False,False,False,False,False,True,False,False,False,True,True,True,False,0,0,0,False,False,False,False,False,False,False,False,False,False,True,False,False,True,False,True,True,False,False,False,False,False,False,False,False,False,False,True,False,True,True,False,False,True,True,True,0,True,True,True,False,False,False
2026-09-25T09:23:58.457211+00:00,False,True,False,False,True,False,True,False,False,False,False,False,False,False,False,True,False,True,False,False,False,False,False,False,False,False,False,False,False,True,False,False,False,True,True,True,False,0,0,0,False,False,False,False,False,False,False,False,False,False,True,False,False,True,False,True,True,False,False,False,False,False,False,False,False,False,False,True,False,True,True,False,False,True,True,True,1,True,True,True,False,False,False
2026-09-25T09:23:59.559488+00:00,False,True,False,False,True,False,True,False,False,False,False,False,False,False,False,True,False,True,False,False,False,False,False,False,False,False,False,False,False,True,False,False,False,True,True,True,False,0,0,0,False,False,False,False,False,False,False,False,False,False,True,False,False,True,False,True,True,False,False,False,False,False,False,False,False,False,False,True,False,True,True,False,False,True,True,True,0,True,True,True,False,False,False
2026-09-25T09:24:00.489031+00:00,False,True,False,False,True,False,True,False,False,False,False,False,False,False,False,True,False,True,False,False,False,False,False,False,False,False,False,False,False,True,False,False,False,True,True,True,False,0,0,0,False,False,False,False,False,False,False,False,False,False,True,False,False,True,False,True,True,False,False,False,False,False,False,False,False,False,False,True,False,True,True,False,False,True,True,True,0,True,True,True,False,False,False
2026-09-25T09:24:01.530700+00:00,False,True,False,False,True,False,True,False,False,False,False,False,False,False,False,True,False,True,False,False,False,False,False,False,False,False,False,False,False,True,False,False,False,True,True,True,False,0,0,0,False,False,False,False,False,False,False,False,False,False,True,False,False,True,False,True,True,False,False,False,False,False,False,False,False,False,False,True,False,True,True,False,False,True,True,True,0,True,True,True,False,False,False
2026-09-25T09:24:02.598163+00:00,False,True,False,False,True,False,True,False,False,False,False,False,False,False,False,True,False,True,False,False,False,False,False,False,False,False,False,False,False,True,False,False,False,True,True,True,False,0,0,0,False,False,False,False,False,False,False,False,False,False,True,False,False,True,False,True,True,False,False,False,False,False,False,False,False,False,False,True,False,True,True,False,False,True,True,True,0,True,True,True,False,False,False
2026-09-25T09:24:03.646028+00:00,False,True,False,False,True,False,True,False,False,False,False,False,False,False,False,True,False,True,False,False,False,False,False,False,False,False,False,False,False,True,False,False,False,True,True,True,False,0,0,0,False,False,False,False,False,False,False,False,False,False,True,False,False,True,False,True,True,False,False,False,False,False,False,False,False,False,False,True,False,True,True,False,False,True,True,True,0,True,True,True,False,False,False
2026-09-25T09:24:04.384798+00:00,False,True,False,False,True,False,True,False,False,False,False,False,False,False,False,True,False,True,False,False,False,False,False,False,False,False,False,False,False,True,False,False,False,True,True,True,False,0,0,0,False,False,False,False,False,False,False,False,False,False,True,False,False,True,False,True,True,False,False,False,False,False,False,False,False,False,False,True,False,True,True,False,False,True,True,True,0,True,True,True,False,False,False
2026-09-25T09:24:05.458493+00:00,False,True,False,False,True,False,True,False,False,False,False,False,False,False,False,True,False,True,False,False,False,False,False,False,False,False,False,False,False,True,False,False,False,True,True,True,False,0,0,0,False,False,False,False,False,False,False,False,False,False,True,False,False,True,False,True,True,False,False,False,False,False,False,False,False,False,False,True,False,True,True,False,False,True,True,True,0,True,True,True,False,False,False
2026-09-25T09:24:06.548186+00:00,False,True,False,False,True,False,True,False,False,False,False,False,False,False,False,True,False,True,False,False,False,False,False,False,False,False,False,False,False,True,False,False,False,True,True,True,False,0,0,0,False,False,False,False,False,False,False,False,False,False,True,False,False,True,False,True,True,False,False,False,False,False,False,False,False,False,False,True,False,True,True,False,False,True,True,True,0,True,True,True,False,False,False
2026-09-25T09:24:07.620627+00:00,False,True,False,False,True,False,True,False,False,False,False,False,False,False,False,True,False,True,False,False,False,False,False,False,False,False,False,False,False,True,False,False,False,True,True,True,False,0,0,0,False,False,False,False,False,False,False,False,False,False,True,False,False,True,False,True,True,False,False,False,False,False,False,False,False,False,False,True,False,True,True,False,False,True,True,True,0,True,True,True,False,False,False
2026-09-25T09:24:08.454093+00:00,False,True,False,False,True,False,True,False,False,False,False,False,False,False,False,True,False,True,False,False,False,False,False,False,False,False,False,False,False,True,False,False,False,True,True,True,False,0,0,0,False,False,False,False,False,False,False,False,False,False,True,False,False,True,False,True,True,False,False,False,False,False,False,False,False,False,False,True,False,True,True,False,False,True,True,True,0,True,True,True,False,False,False
2026-09-25T09:24:09.518919+00:00,False,True,False,False,True,False,True,False,False,False,False,False,False,False,False,True,False,True,False,False,False,False,False,False,False,False,False,False,False,True,False,False,False,True,True,True,False,0,0,0,False,False,False,False,False,False,False,False,False,False,True,False,False,True,False,True,True,False,False,False,False,False,False,False,False,False,False,True,False,True,True,False,False,True,True,True,0,True,True,True,False,False,False
2026-09-25T09:24:10.312779+00:00,False,True,False,False,True,False,True,False,False,False,False,False,False,False,False,True,False,True,False,False,False,False,False,False,False,False,False,False,False,True,False,False,False,True,True,True,False,0,0,0,False,False,False,False,False,False,False,False,False,False,True,False,False,True,False,True,True,False,False,False,False,False,False,False,False,False,False,True,False,True,True,False,False,True,True,True,0,True,True,True,False,False,False
2026-09-25T09:24:11.568843+00:00,False,True,False,False,True,False,True,False,False,False,False,False,False,False,False,True,False,True,False,False,False,False,False,False,False,False,False,False,False,True,False,False,False,True,True,True,False,0,0,0,False,False,False,False,False,False,False,False,False,False,True,False,False,True,False,True,True,False,False,False,False,False,False,False,False,False,False,True,False,True,True,False,False,True,True,True,0,True,True,True,False,False,False
2026-09-25T09:24:12.623349+00:00,False,True,False,False,True,False,True,False,False,False,False,False,False,False,False,True,False,True,False,False,False,False,False,False,False,False,False,False,False,True,False,False,False,True,True,True,False,0,0,0,False,False,False,False,False,False,False,False,False,False,True,False,False,True,False,True,True,False,False,False,False,False,False,False,False,False,False,True,False,True,True,False,False,True,True,True,0,True,True,True,False,False,False
2026-09-25T09:24:13.444862+00:00,False,True,False,False,True,False,True,False,False,False,False,False,False,False,False,True,False,True,False,False,False,False,False,False,False,False,False,False,False,True,False,False,False,True,True,True,False,0,0,0,False,False,False,False,False,False,False,False,False,False,True,False,False,True,False,True,True,False,False,False,False,False,False,False,False,False,False,True,False,True,True,False,False,True,True,True,0,True,True,True,False,False,False
2026-09-25T09:24:14.488316+00:00,False,True,False,False,True,False,True,False,False,False,False,False,False,False,False,True,False,True,False,False,False,False,False,False,False,False,False,False,False,True,False,False,False,True,True,True,False,0,0,0,False,False,False,False,False,False,False,False,False,False,True,False,False,True,False,True,True,False,False,False,False,False,False,False,False,False,False,True,False,True,True,False,False,True,True,True,0,True,True,True,False,False,False
2026-09-25T09:24:15.639338+00:00,False,True,False,False,True,False,True,False,False,False,False,False,False,False,False,True,False,True,False,False,False,False,False,False,False,False,False,False,False,True,False,False,False,True,True,True,False,0,0,0,False,False,False,False,False,False,False,False,False,False,True,False,False,True,False,True,True,False,False,False,False,False,False,False,False,False,False,True,False,True,True,False,False,True,True,True,0,True,True,True,False,False,False
2026-09-25T09:24:16.463267+00:00,False,True,False,False,True,False,True,False,False,False,False,False,False,False,False,True,False,True,False,False,False,False,False,False,False,False,False,False,False,True,False,False,False,True,True,True,False,0,0,0,False,False,False,False,False,False,False,False,False,False,True,False,False,True,False,True,True,False,False,False,False,False,False,False,False,False,False,True,False,True,True,False,False,True,True,True,0,True,True,True,False,False,False
2026-09-25T09:24:17.535473+00:00,False,True,False,False,True,False,True,False,False,False,False,False,False,False,False,True,False,True,False,False,False,False,False,False,False,False,False,False,False,True,False,False,False,True,True,True,False,0,0,0,False,False,False,False,False,False,False,False,False,False,True,False,False,True,False,True,True,False,False,False,False,False,False,False,False,False,False,True,False,True,True,False,False,True,True,True,0,True,True,True,False,False,False
2026-09-25T09:24:18.697797+00:00,False,True,False,False,True,False,True,False,False,False,False,False,False,False,False,True,False,True,False,False,False,False,False,False,False,False,False,False,False,True,False,False,False,True,True,True,False,0,0,0,False,False,False,False,False,False,False,False,False,False,True,False,False,True,False,True,True,False,False,False,False,False,False,False,False,False,False,True,False,True,True,False,False,True,True,True,0,True,True,True,False,False,False
2026-09-25T09:24:19.510776+00:00,False,True,False,False,True,False,True,False,False,False,False,False,False,False,False,True,False,True,False,False,False,False,False,False,False,False,False,False,False,True,False,False,False,True,True,True,False,0,0,0,False,False,False,False,False,False,False,False,False,False,True,False,False,True,False,True,True,False,False,False,False,False,False,False,False,False,False,True,False,True,True,False,False,True,True,True,0,True,True,True,False,False,False
2026-09-25T09:24:20.696153+00:00,False,True,False,False,True,False,True,False,False,False,False,False,False,False,False,True,False,True,False,False,False,False,False,False,False,False,False,False,False,True,False,False,False,True,True,True,False,0,0,0,False,False,False,False,False,False,False,False,False,False,True,False,False,True,False,True,True,False,False,False,False,False,False,False,False,False,False,True,False,True,True,False,False,True,True,True,0,True,True,True,False,False,False
