snapshot_id,timestamp,good_count,bad_count,source_timestamp_count,server_timestamp_count,source_min_timestamp,source_max_timestamp,source_timestamp_reference,sync_spread_ms,connected,health
1,2026-09-25T10:45:36.905170+00:00,83,0,83,0,2026-09-25T12:14:42.322603+00:00,2026-09-25T12:14:42.435610+00:00,2026-09-25T12:14:42.435610+00:00,113.00699999999999,True,ok
3,2026-09-25T10:45:37.678353+00:00,83,0,83,0,2026-09-25T12:14:43.121649+00:00,2026-09-25T12:14:43.208654+00:00,2026-09-25T12:14:43.208654+00:00,87.005,True,ok
5,2026-09-25T10:45:38.446668+00:00,83,0,83,0,2026-09-25T12:14:43.891693+00:00,2026-09-25T12:14:43.976698+00:00,2026-09-25T12:14:43.976698+00:00,85.005,True,ok
6,2026-09-25T10:45:38.800257+00:00,83,0,83,0,2026-09-25T12:14:44.230712+00:00,2026-09-25T12:14:44.316717+00:00,2026-09-25T12:14:44.316717+00:00,86.005,True,ok
9,2026-09-25T10:45:39.895749+00:00,83,0,83,0,2026-09-25T12:14:45.335776+00:00,2026-09-25T12:14:45.425781+00:00,2026-09-25T12:14:45.425781+00:00,90.005,True,ok
11,2026-09-25T10:45:40.744006+00:00,83,0,83,0,2026-09-25T12:14:46.058817+00:00,2026-09-25T12:14:46.173824+00:00,2026-09-25T12:14:46.173824+00:00,115.007,True,ok
14,2026-09-25T10:45:41.806916+00:00,83,0,83,0,2026-09-25T12:14:47.246885+00:00,2026-09-25T12:14:47.336890+00:00,2026-09-25T12:14:47.336890+00:00,90.005,True,ok
17,2026-09-25T10:45:42.898457+00:00,83,0,83,0,2026-09-25T12:14:48.337947+00:00,2026-09-25T12:14:48.427953+00:00,2026-09-25T12:14:48.427953+00:00,90.006,True,ok
19,2026-09-25T10:45:43.698260+00:00,83,0,83,0,2026-09-25T12:14:49.128993+00:00,2026-09-25T12:14:49.227998+00:00,2026-09-25T12:14:49.227998+00:00,99.005,True,ok
21,2026-09-25T10:45:44.525990+00:00,83,0,83,0,2026-09-25T12:14:49.959040+00:00,2026-09-25T12:14:50.056046+00:00,2026-09-25T12:14:50.056046+00:00,97.006,True,ok
24,2026-09-25T10:45:45.715787+00:00,83,0,83,0,2026-09-25T12:14:51.159109+00:00,2026-09-25T12:14:51.245114+00:00,2026-09-25T12:14:51.245114+00:00,86.005,True,ok
27,2026-09-25T10:45:46.802261+00:00,83,0,83,0,2026-09-25T12:14:52.237170+00:00,2026-09-25T12:14:52.332176+00:00,2026-09-25T12:14:52.332176+00:00,95.006,True,ok
30,2026-09-25T10:45:47.882726+00:00,83,0,83,0,2026-09-25T12:14:53.325233+00:00,2026-09-25T12:14:53.412238+00:00,2026-09-25T12:14:53.412238+00:00,87.005,True,ok
33,2026-09-25T10:45:48.973709+00:00,83,0,83,0,2026-09-25T12:14:54.393294+00:00,2026-09-25T12:14:54.480299+00:00,2026-09-25T12:14:54.480299+00:00,87.005,True,ok
35,2026-09-25T10:45:49.785792+00:00,83,0,83,0,2026-09-25T12:14:55.222341+00:00,2026-09-25T12:14:55.315346+00:00,2026-09-25T12:14:55.315346+00:00,93.00500000000001,True,ok
38,2026-09-25T10:45:50.857946+00:00,83,0,83,0,2026-09-25T12:14:56.298403+00:00,2026-09-25T12:14:56.387408+00:00,2026-09-25T12:14:56.387408+00:00,89.005,True,ok
40,2026-09-25T10:45:51.594007+00:00,83,0,83,0,2026-09-25T12:14:57.033445+00:00,2026-09-25T12:14:57.123450+00:00,2026-09-25T12:14:57.123450+00:00,90.005,True,ok
43,2026-09-25T10:45:52.782244+00:00,83,0,83,0,2026-09-25T12:14:58.221513+00:00,2026-09-25T12:14:58.311518+00:00,2026-09-25T12:14:58.311518+00:00,90.005,True,ok
46,2026-09-25T10:45:53.873445+00:00,83,0,83,0,2026-09-25T12:14:59.303575+00:00,2026-09-25T12:14:59.398580+00:00,2026-09-25T12:14:59.398580+00:00,95.00500000000001,True,ok
48,2026-09-25T10:45:54.707028+00:00,83,0,83,0,2026-09-25T12:15:00.137622+00:00,2026-09-25T12:15:00.235628+00:00,2026-09-25T12:15:00.235628+00:00,98.006,True,ok
50,2026-09-25T10:45:55.642417+00:00,83,0,83,0,2026-09-25T12:15:01.041674+00:00,2026-09-25T12:15:01.171681+00:00,2026-09-25T12:15:01.171681+00:00,130.007,True,ok
53,2026-09-25T10:45:56.734419+00:00,83,0,83,0,2026-09-25T12:15:02.174739+00:00,2026-09-25T12:15:02.263744+00:00,2026-09-25T12:15:02.263744+00:00,89.005,True,ok
56,2026-09-25T10:45:57.969331+00:00,83,0,83,0,2026-09-25T12:15:03.363807+00:00,2026-09-25T12:15:03.485814+00:00,2026-09-25T12:15:03.485814+00:00,122.007,True,ok
59,2026-09-25T10:45:59.375166+00:00,83,0,83,0,2026-09-25T12:15:04.639880+00:00,2026-09-25T12:15:04.766887+00:00,2026-09-25T12:15:04.766887+00:00,127.007,True,ok
60,2026-09-25T10:45:59.756939+00:00,83,0,83,0,2026-09-25T12:15:05.158909+00:00,2026-09-25T12:15:05.277916+00:00,2026-09-25T12:15:05.277916+00:00,119.007,True,ok
63,2026-09-25T10:46:00.890270+00:00,83,0,83,0,2026-09-25T12:15:06.333977+00:00,2026-09-25T12:15:06.418982+00:00,2026-09-25T12:15:06.418982+00:00,85.005,True,ok
65,2026-09-25T10:46:01.630220+00:00,83,0,83,0,2026-09-25T12:15:07.071019+00:00,2026-09-25T12:15:07.159024+00:00,2026-09-25T12:15:07.159024+00:00,88.005,True,ok
68,2026-09-25T10:46:02.796410+00:00,83,0,83,0,2026-09-25T12:15:08.236085+00:00,2026-09-25T12:15:08.325091+00:00,2026-09-25T12:15:08.325091+00:00,89.006,True,ok
71,2026-09-25T10:46:03.930253+00:00,83,0,83,0,2026-09-25T12:15:09.367150+00:00,2026-09-25T12:15:09.459155+00:00,2026-09-25T12:15:09.459155+00:00,92.00500000000001,True,ok
73,2026-09-25T10:46:04.636326+00:00,83,0,83,0,2026-09-25T12:15:10.074191+00:00,2026-09-25T12:15:10.165196+00:00,2026-09-25T12:15:10.165196+00:00,91.005,True,ok
76,2026-09-25T10:46:05.886537+00:00,83,0,83,0,2026-09-25T12:15:11.249258+00:00,2026-09-25T12:15:11.414267+00:00,2026-09-25T12:15:11.414267+00:00,165.009,True,ok
78,2026-09-25T10:46:06.597477+00:00,83,0,83,0,2026-09-25T12:15:12.029302+00:00,2026-09-25T12:15:12.126308+00:00,2026-09-25T12:15:12.126308+00:00,97.006,True,ok
81,2026-09-25T10:46:07.853896+00:00,83,0,83,0,2026-09-25T12:15:13.293375+00:00,2026-09-25T12:15:13.382380+00:00,2026-09-25T12:15:13.382380+00:00,89.005,True,ok
84,2026-09-25T10:46:08.924723+00:00,83,0,83,0,2026-09-25T12:15:14.346435+00:00,2026-09-25T12:15:14.434440+00:00,2026-09-25T12:15:14.434440+00:00,88.005,True,ok
86,2026-09-25T10:46:09.799144+00:00,83,0,83,0,2026-09-25T12:15:15.243486+00:00,2026-09-25T12:15:15.327491+00:00,2026-09-25T12:15:15.327491+00:00,84.005,True,ok
88,2026-09-25T10:46:10.604041+00:00,83,0,83,0,2026-09-25T12:15:15.966528+00:00,2026-09-25T12:15:16.063533+00:00,2026-09-25T12:15:16.063533+00:00,97.005,True,ok
91,2026-09-25T10:46:11.788954+00:00,83,0,83,0,2026-09-25T12:15:17.224600+00:00,2026-09-25T12:15:17.316605+00:00,2026-09-25T12:15:17.316605+00:00,92.00500000000001,True,ok
94,2026-09-25T10:46:12.845292+00:00,83,0,83,0,2026-09-25T12:15:18.279660+00:00,2026-09-25T12:15:18.373665+00:00,2026-09-25T12:15:18.373665+00:00,94.00500000000001,True,ok
96,2026-09-25T10:46:13.606596+00:00,83,0,83,0,2026-09-25T12:15:19.042704+00:00,2026-09-25T12:15:19.134709+00:00,2026-09-25T12:15:19.134709+00:00,92.00500000000001,True,ok
99,2026-09-25T10:46:14.779655+00:00,83,0,83,0,2026-09-25T12:15:20.207770+00:00,2026-09-25T12:15:20.307776+00:00,2026-09-25T12:15:20.307776+00:00,100.006,True,ok
101,2026-09-25T10:46:15.626216+00:00,83,0,83,0,2026-09-25T12:15:20.950813+00:00,2026-09-25T12:15:21.072820+00:00,2026-09-25T12:15:21.072820+00:00,122.007,True,ok
104,2026-09-25T10:46:16.805094+00:00,83,0,83,0,2026-09-25T12:15:22.239886+00:00,2026-09-25T12:15:22.332892+00:00,2026-09-25T12:15:22.332892+00:00,93.006,True,ok
106,2026-09-25T10:46:17.613924+00:00,83,0,83,0,2026-09-25T12:15:23.048933+00:00,2026-09-25T12:15:23.141938+00:00,2026-09-25T12:15:23.141938+00:00,93.00500000000001,True,ok
109,2026-09-25T10:46:18.854336+00:00,83,0,83,0,2026-09-25T12:15:24.299004+00:00,2026-09-25T12:15:24.382009+00:00,2026-09-25T12:15:24.382009+00:00,83.005,True,ok
111,2026-09-25T10:46:19.648436+00:00,83,0,83,0,2026-09-25T12:15:25.011045+00:00,2026-09-25T12:15:25.102050+00:00,2026-09-25T12:15:25.102050+00:00,91.005,True,ok
114,2026-09-25T10:46:20.859256+00:00,83,0,83,0,2026-09-25T12:15:26.300119+00:00,2026-09-25T12:15:26.387124+00:00,2026-09-25T12:15:26.387124+00:00,87.005,True,ok
117,2026-09-25T10:46:21.902461+00:00,83,0,83,0,2026-09-25T12:15:27.343178+00:00,2026-09-25T12:15:27.430183+00:00,2026-09-25T12:15:27.430183+00:00,87.005,True,ok
119,2026-09-25T10:46:22.676571+00:00,83,0,83,0,2026-09-25T12:15:28.114222+00:00,2026-09-25T12:15:28.204228+00:00,2026-09-25T12:15:28.204228+00:00,90.006,True,ok
122,2026-09-25T10:46:23.750620+00:00,83,0,83,0,2026-09-25T12:15:29.186284+00:00,2026-09-25T12:15:29.278289+00:00,2026-09-25T12:15:29.278289+00:00,92.00500000000001,True,ok
125,2026-09-25T10:46:24.905628+00:00,83,0,83,0,2026-09-25T12:15:30.337350+00:00,2026-09-25T12:15:30.430355+00:00,2026-09-25T12:15:30.430355+00:00,93.00500000000001,True,ok
127,2026-09-25T10:46:25.752440+00:00,83,0,83,0,2026-09-25T12:15:31.063391+00:00,2026-09-25T12:15:31.180398+00:00,2026-09-25T12:15:31.180398+00:00,117.007,True,ok
130,2026-09-25T10:46:26.901413+00:00,83,0,83,0,2026-09-25T12:15:32.340464+00:00,2026-09-25T12:15:32.427469+00:00,2026-09-25T12:15:32.427469+00:00,87.005,True,ok
132,2026-09-25T10:46:27.709060+00:00,83,0,83,0,2026-09-25T12:15:33.147510+00:00,2026-09-25T12:15:33.236515+00:00,2026-09-25T12:15:33.236515+00:00,89.005,True,ok
135,2026-09-25T10:46:28.846957+00:00,83,0,83,0,2026-09-25T12:15:34.281575+00:00,2026-09-25T12:15:34.373580+00:00,2026-09-25T12:15:34.373580+00:00,92.00500000000001,True,ok
138,2026-09-25T10:46:29.960222+00:00,83,0,83,0,2026-09-25T12:15:35.399639+00:00,2026-09-25T12:15:35.487644+00:00,2026-09-25T12:15:35.487644+00:00,88.005,True,ok
140,2026-09-25T10:46:30.696462+00:00,83,0,83,0,2026-09-25T12:15:36.134681+00:00,2026-09-25T12:15:36.223686+00:00,2026-09-25T12:15:36.223686+00:00,89.005,True,ok
143,2026-09-25T10:46:31.819853+00:00,83,0,83,0,2026-09-25T12:15:37.257745+00:00,2026-09-25T12:15:37.346751+00:00,2026-09-25T12:15:37.346751+00:00,89.006,True,ok
146,2026-09-25T10:46:32.916542+00:00,83,0,83,0,2026-09-25T12:15:38.356808+00:00,2026-09-25T12:15:38.442813+00:00,2026-09-25T12:15:38.442813+00:00,86.005,True,ok
148,2026-09-25T10:46:33.752095+00:00,83,0,83,0,2026-09-25T12:15:39.182856+00:00,2026-09-25T12:15:39.278861+00:00,2026-09-25T12:15:39.278861+00:00,96.005,True,ok
151,2026-09-25T10:46:34.889300+00:00,83,0,83,0,2026-09-25T12:15:40.317920+00:00,2026-09-25T12:15:40.413926+00:00,2026-09-25T12:15:40.413926+00:00,96.006,True,ok
153,2026-09-25T10:46:35.794690+00:00,83,0,83,0,2026-09-25T12:15:41.072964+00:00,2026-09-25T12:15:41.199971+00:00,2026-09-25T12:15:41.199971+00:00,127.007,True,ok
155,2026-09-25T10:46:36.681117+00:00,83,0,83,0,2026-09-25T12:15:42.027018+00:00,2026-09-25T12:15:42.208029+00:00,2026-09-25T12:15:42.208029+00:00,181.011,True,ok
158,2026-09-25T10:46:37.814272+00:00,83,0,83,0,2026-09-25T12:15:43.246088+00:00,2026-09-25T12:15:43.341093+00:00,2026-09-25T12:15:43.341093+00:00,95.00500000000001,True,ok
160,2026-09-25T10:46:38.608004+00:00,83,0,83,0,2026-09-25T12:15:43.981130+00:00,2026-09-25T12:15:44.075135+00:00,2026-09-25T12:15:44.075135+00:00,94.00500000000001,True,ok
163,2026-09-25T10:46:39.673692+00:00,83,0,83,0,2026-09-25T12:15:45.107194+00:00,2026-09-25T12:15:45.200200+00:00,2026-09-25T12:15:45.200200+00:00,93.006,True,ok
166,2026-09-25T10:46:40.749620+00:00,83,0,83,0,2026-09-25T12:15:46.178256+00:00,2026-09-25T12:15:46.276261+00:00,2026-09-25T12:15:46.276261+00:00,98.005,True,ok
169,2026-09-25T10:46:41.845603+00:00,83,0,83,0,2026-09-25T12:15:47.285319+00:00,2026-09-25T12:15:47.372324+00:00,2026-09-25T12:15:47.372324+00:00,87.005,True,ok
171,2026-09-25T10:46:42.706806+00:00,83,0,83,0,2026-09-25T12:15:48.024361+00:00,2026-09-25T12:15:48.122367+00:00,2026-09-25T12:15:48.122367+00:00,98.006,True,ok
174,2026-09-25T10:46:43.806903+00:00,83,0,83,0,2026-09-25T12:15:49.243431+00:00,2026-09-25T12:15:49.333436+00:00,2026-09-25T12:15:49.333436+00:00,90.005,True,ok
177,2026-09-25T10:46:44.868826+00:00,83,0,83,0,2026-09-25T12:15:50.298491+00:00,2026-09-25T12:15:50.394497+00:00,2026-09-25T12:15:50.394497+00:00,96.006,True,ok
179,2026-09-25T10:46:45.714238+00:00,83,0,83,0,2026-09-25T12:15:51.055535+00:00,2026-09-25T12:15:51.151540+00:00,2026-09-25T12:15:51.151540+00:00,96.005,True,ok
181,2026-09-25T10:46:46.546446+00:00,83,0,83,0,2026-09-25T12:15:51.886582+00:00,2026-09-25T12:15:52.070593+00:00,2026-09-25T12:15:52.070593+00:00,184.011,True,ok
184,2026-09-25T10:46:47.676146+00:00,83,0,83,0,2026-09-25T12:15:53.113652+00:00,2026-09-25T12:15:53.202657+00:00,2026-09-25T12:15:53.202657+00:00,89.005,True,ok
187,2026-09-25T10:46:48.840558+00:00,83,0,83,0,2026-09-25T12:15:54.276719+00:00,2026-09-25T12:15:54.366724+00:00,2026-09-25T12:15:54.366724+00:00,90.005,True,ok
189,2026-09-25T10:46:49.583554+00:00,83,0,83,0,2026-09-25T12:15:55.022762+00:00,2026-09-25T12:15:55.109767+00:00,2026-09-25T12:15:55.109767+00:00,87.005,True,ok
192,2026-09-25T10:46:50.763819+00:00,83,0,83,0,2026-09-25T12:15:56.199829+00:00,2026-09-25T12:15:56.289834+00:00,2026-09-25T12:15:56.289834+00:00,90.005,True,ok
195,2026-09-25T10:46:51.830939+00:00,83,0,83,0,2026-09-25T12:15:57.267890+00:00,2026-09-25T12:15:57.356895+00:00,2026-09-25T12:15:57.356895+00:00,89.005,True,ok
197,2026-09-25T10:46:52.623816+00:00,83,0,83,0,2026-09-25T12:15:57.962930+00:00,2026-09-25T12:15:58.054935+00:00,2026-09-25T12:15:58.054935+00:00,92.00500000000001,True,ok
200,2026-09-25T10:46:53.871077+00:00,83,0,83,0,2026-09-25T12:15:59.304006+00:00,2026-09-25T12:15:59.397012+00:00,2026-09-25T12:15:59.397012+00:00,93.006,True,ok
202,2026-09-25T10:46:54.621882+00:00,83,0,83,0,2026-09-25T12:16:00.053049+00:00,2026-09-25T12:16:00.148055+00:00,2026-09-25T12:16:00.148055+00:00,95.006,True,ok
205,2026-09-25T10:46:55.825433+00:00,83,0,83,0,2026-09-25T12:16:01.208115+00:00,2026-09-25T12:16:01.351123+00:00,2026-09-25T12:16:01.351123+00:00,143.008,True,ok
208,2026-09-25T10:46:57.009761+00:00,83,0,83,0,2026-09-25T12:16:02.359181+00:00,2026-09-25T12:16:02.535191+00:00,2026-09-25T12:16:02.535191+00:00,176.01,True,ok
210,2026-09-25T10:46:57.797677+00:00,83,0,83,0,2026-09-25T12:16:03.173228+00:00,2026-09-25T12:16:03.265233+00:00,2026-09-25T12:16:03.265233+00:00,92.00500000000001,True,ok
212,2026-09-25T10:46:58.618180+00:00,83,0,83,0,2026-09-25T12:16:03.978274+00:00,2026-09-25T12:16:04.061279+00:00,2026-09-25T12:16:04.061279+00:00,83.005,True,ok
215,2026-09-25T10:46:59.661924+00:00,83,0,83,0,2026-09-25T12:16:05.100338+00:00,2026-09-25T12:16:05.187343+00:00,2026-09-25T12:16:05.187343+00:00,87.005,True,ok
218,2026-09-25T10:47:00.784830+00:00,83,0,83,0,2026-09-25T12:16:06.220402+00:00,2026-09-25T12:16:06.310407+00:00,2026-09-25T12:16:06.310407+00:00,90.005,True,ok
221,2026-09-25T10:47:01.864198+00:00,83,0,83,0,2026-09-25T12:16:07.299464+00:00,2026-09-25T12:16:07.389469+00:00,2026-09-25T12:16:07.389469+00:00,90.005,True,ok
223,2026-09-25T10:47:02.634882+00:00,83,0,83,0,2026-09-25T12:16:08.065508+00:00,2026-09-25T12:16:08.155513+00:00,2026-09-25T12:16:08.155513+00:00,90.005,True,ok
226,2026-09-25T10:47:03.686975+00:00,83,0,83,0,2026-09-25T12:16:09.124568+00:00,2026-09-25T12:16:09.212573+00:00,2026-09-25T12:16:09.212573+00:00,88.005,True,ok
229,2026-09-25T10:47:04.755560+00:00,83,0,83,0,2026-09-25T12:16:10.178628+00:00,2026-09-25T12:16:10.267633+00:00,2026-09-25T12:16:10.267633+00:00,89.005,True,ok
233,2026-09-25T10:47:06.194790+00:00,83,0,83,0,2026-09-25T12:16:11.630711+00:00,2026-09-25T12:16:11.719717+00:00,2026-09-25T12:16:11.719717+00:00,89.006,True,ok
236,2026-09-25T10:47:07.364842+00:00,83,0,83,0,2026-09-25T12:16:12.720774+00:00,2026-09-25T12:16:12.889783+00:00,2026-09-25T12:16:12.889783+00:00,169.009,True,ok
238,2026-09-25T10:47:08.047447+00:00,83,0,83,0,2026-09-25T12:16:13.486818+00:00,2026-09-25T12:16:13.572823+00:00,2026-09-25T12:16:13.572823+00:00,86.005,True,ok
241,2026-09-25T10:47:09.119733+00:00,83,0,83,0,2026-09-25T12:16:14.557879+00:00,2026-09-25T12:16:14.644884+00:00,2026-09-25T12:16:14.644884+00:00,87.005,True,ok
244,2026-09-25T10:47:10.141518+00:00,83,0,83,0,2026-09-25T12:16:15.581937+00:00,2026-09-25T12:16:15.666942+00:00,2026-09-25T12:16:15.666942+00:00,85.005,True,ok
247,2026-09-25T10:47:11.214121+00:00,83,0,83,0,2026-09-25T12:16:16.651999+00:00,2026-09-25T12:16:16.739004+00:00,2026-09-25T12:16:16.739004+00:00,87.005,True,ok
250,2026-09-25T10:47:12.260935+00:00,83,0,83,0,2026-09-25T12:16:17.701059+00:00,2026-09-25T12:16:17.786064+00:00,2026-09-25T12:16:17.786064+00:00,85.005,True,ok
253,2026-09-25T10:47:13.309902+00:00,83,0,83,0,2026-09-25T12:16:18.748119+00:00,2026-09-25T12:16:18.835124+00:00,2026-09-25T12:16:18.835124+00:00,87.005,True,ok
255,2026-09-25T10:47:14.097240+00:00,83,0,83,0,2026-09-25T12:16:19.537164+00:00,2026-09-25T12:16:19.622169+00:00,2026-09-25T12:16:19.622169+00:00,85.005,True,ok
258,2026-09-25T10:47:15.135235+00:00,83,0,83,0,2026-09-25T12:16:20.574223+00:00,2026-09-25T12:16:20.660228+00:00,2026-09-25T12:16:20.660228+00:00,86.005,True,ok
261,2026-09-25T10:47:16.187499+00:00,83,0,83,0,2026-09-25T12:16:21.615283+00:00,2026-09-25T12:16:21.712288+00:00,2026-09-25T12:16:21.712288+00:00,97.005,True,ok
264,2026-09-25T10:47:17.306815+00:00,83,0,83,0,2026-09-25T12:16:22.713345+00:00,2026-09-25T12:16:22.831352+00:00,2026-09-25T12:16:22.831352+00:00,118.007,True,ok
266,2026-09-25T10:47:18.099477+00:00,83,0,83,0,2026-09-25T12:16:23.537392+00:00,2026-09-25T12:16:23.624397+00:00,2026-09-25T12:16:23.624397+00:00,87.005,True,ok
269,2026-09-25T10:47:19.140640+00:00,83,0,83,0,2026-09-25T12:16:24.581452+00:00,2026-09-25T12:16:24.665457+00:00,2026-09-25T12:16:24.665457+00:00,84.005,True,ok
273,2026-09-25T10:47:20.541162+00:00,83,0,83,0,2026-09-25T12:16:25.976532+00:00,2026-09-25T12:16:26.065537+00:00,2026-09-25T12:16:26.065537+00:00,89.005,True,ok
276,2026-09-25T10:47:21.684203+00:00,83,0,83,0,2026-09-25T12:16:27.122598+00:00,2026-09-25T12:16:27.207602+00:00,2026-09-25T12:16:27.207602+00:00,85.00399999999999,True,ok
278,2026-09-25T10:47:22.388265+00:00,83,0,83,0,2026-09-25T12:16:27.824638+00:00,2026-09-25T12:16:27.912643+00:00,2026-09-25T12:16:27.912643+00:00,88.005,True,ok
280,2026-09-25T10:47:23.079187+00:00,83,0,83,0,2026-09-25T12:16:28.515677+00:00,2026-09-25T12:16:28.603682+00:00,2026-09-25T12:16:28.603682+00:00,88.005,True,ok
283,2026-09-25T10:47:24.205371+00:00,83,0,83,0,2026-09-25T12:16:29.640742+00:00,2026-09-25T12:16:29.729747+00:00,2026-09-25T12:16:29.729747+00:00,89.005,True,ok
286,2026-09-25T10:47:25.257428+00:00,83,0,83,0,2026-09-25T12:16:30.690802+00:00,2026-09-25T12:16:30.781807+00:00,2026-09-25T12:16:30.781807+00:00,91.005,True,ok
289,2026-09-25T10:47:26.311673+00:00,83,0,83,0,2026-09-25T12:16:31.746862+00:00,2026-09-25T12:16:31.835867+00:00,2026-09-25T12:16:31.835867+00:00,89.005,True,ok
292,2026-09-25T10:47:27.410792+00:00,83,0,83,0,2026-09-25T12:16:32.835924+00:00,2026-09-25T12:16:32.934930+00:00,2026-09-25T12:16:32.934930+00:00,99.006,True,ok
294,2026-09-25T10:47:28.253829+00:00,83,0,83,0,2026-09-25T12:16:33.644971+00:00,2026-09-25T12:16:33.777978+00:00,2026-09-25T12:16:33.777978+00:00,133.00699999999998,True,ok
296,2026-09-25T10:47:29.024083+00:00,83,0,83,0,2026-09-25T12:16:34.465017+00:00,2026-09-25T12:16:34.548022+00:00,2026-09-25T12:16:34.548022+00:00,83.005,True,ok
298,2026-09-25T10:47:29.721362+00:00,83,0,83,0,2026-09-25T12:16:35.156057+00:00,2026-09-25T12:16:35.245062+00:00,2026-09-25T12:16:35.245062+00:00,89.005,True,ok
301,2026-09-25T10:47:30.845483+00:00,83,0,83,0,2026-09-25T12:16:36.276121+00:00,2026-09-25T12:16:36.369126+00:00,2026-09-25T12:16:36.369126+00:00,93.00500000000001,True,ok
304,2026-09-25T10:47:31.909311+00:00,83,0,83,0,2026-09-25T12:16:37.347182+00:00,2026-09-25T12:16:37.433187+00:00,2026-09-25T12:16:37.433187+00:00,86.005,True,ok
306,2026-09-25T10:47:32.629234+00:00,83,0,83,0,2026-09-25T12:16:38.061223+00:00,2026-09-25T12:16:38.153228+00:00,2026-09-25T12:16:38.153228+00:00,92.00500000000001,True,ok
309,2026-09-25T10:47:33.837842+00:00,83,0,83,0,2026-09-25T12:16:39.272292+00:00,2026-09-25T12:16:39.361298+00:00,2026-09-25T12:16:39.361298+00:00,89.006,True,ok
312,2026-09-25T10:47:34.918964+00:00,83,0,83,0,2026-09-25T12:16:40.353354+00:00,2026-09-25T12:16:40.442359+00:00,2026-09-25T12:16:40.442359+00:00,89.005,True,ok
314,2026-09-25T10:47:35.642376+00:00,83,0,83,0,2026-09-25T12:16:41.077396+00:00,2026-09-25T12:16:41.165401+00:00,2026-09-25T12:16:41.165401+00:00,88.005,True,ok
317,2026-09-25T10:47:36.725665+00:00,83,0,83,0,2026-09-25T12:16:42.153457+00:00,2026-09-25T12:16:42.249463+00:00,2026-09-25T12:16:42.249463+00:00,96.006,True,ok
320,2026-09-25T10:47:37.829223+00:00,83,0,83,0,2026-09-25T12:16:43.239519+00:00,2026-09-25T12:16:43.352526+00:00,2026-09-25T12:16:43.352526+00:00,113.00699999999999,True,ok
322,2026-09-25T10:47:38.745166+00:00,83,0,83,0,2026-09-25T12:16:44.178573+00:00,2026-09-25T12:16:44.268578+00:00,2026-09-25T12:16:44.268578+00:00,90.005,True,ok
325,2026-09-25T10:47:39.825711+00:00,83,0,83,0,2026-09-25T12:16:45.260635+00:00,2026-09-25T12:16:45.348640+00:00,2026-09-25T12:16:45.348640+00:00,88.005,True,ok
327,2026-09-25T10:47:40.593113+00:00,83,0,83,0,2026-09-25T12:16:46.029679+00:00,2026-09-25T12:16:46.116684+00:00,2026-09-25T12:16:46.116684+00:00,87.005,True,ok
330,2026-09-25T10:47:41.671496+00:00,83,0,83,0,2026-09-25T12:16:47.099740+00:00,2026-09-25T12:16:47.194746+00:00,2026-09-25T12:16:47.194746+00:00,95.006,True,ok
333,2026-09-25T10:47:42.835762+00:00,83,0,83,0,2026-09-25T12:16:48.268807+00:00,2026-09-25T12:16:48.358812+00:00,2026-09-25T12:16:48.358812+00:00,90.005,True,ok
335,2026-09-25T10:47:43.638493+00:00,83,0,83,0,2026-09-25T12:16:49.076853+00:00,2026-09-25T12:16:49.161858+00:00,2026-09-25T12:16:49.161858+00:00,85.005,True,ok
338,2026-09-25T10:47:44.806668+00:00,83,0,83,0,2026-09-25T12:16:50.237920+00:00,2026-09-25T12:16:50.329925+00:00,2026-09-25T12:16:50.329925+00:00,92.00500000000001,True,ok
341,2026-09-25T10:47:45.899279+00:00,83,0,83,0,2026-09-25T12:16:51.329982+00:00,2026-09-25T12:16:51.421987+00:00,2026-09-25T12:16:51.421987+00:00,92.00500000000001,True,ok
343,2026-09-25T10:47:46.632959+00:00,83,0,83,0,2026-09-25T12:16:52.031022+00:00,2026-09-25T12:16:52.130028+00:00,2026-09-25T12:16:52.130028+00:00,99.006,True,ok
346,2026-09-25T10:47:47.694081+00:00,83,0,83,0,2026-09-25T12:16:53.116084+00:00,2026-09-25T12:16:53.217090+00:00,2026-09-25T12:16:53.217090+00:00,101.006,True,ok
349,2026-09-25T10:47:48.900114+00:00,83,0,83,0,2026-09-25T12:16:54.334154+00:00,2026-09-25T12:16:54.423159+00:00,2026-09-25T12:16:54.423159+00:00,89.005,True,ok
352,2026-09-25T10:47:49.979420+00:00,83,0,83,0,2026-09-25T12:16:55.411216+00:00,2026-09-25T12:16:55.502221+00:00,2026-09-25T12:16:55.502221+00:00,91.005,True,ok
354,2026-09-25T10:47:50.689424+00:00,83,0,83,0,2026-09-25T12:16:56.125256+00:00,2026-09-25T12:16:56.212261+00:00,2026-09-25T12:16:56.212261+00:00,87.005,True,ok
357,2026-09-25T10:47:51.818527+00:00,83,0,83,0,2026-09-25T12:16:57.253321+00:00,2026-09-25T12:16:57.341326+00:00,2026-09-25T12:16:57.341326+00:00,88.005,True,ok
360,2026-09-25T10:47:52.884088+00:00,83,0,83,0,2026-09-25T12:16:58.317382+00:00,2026-09-25T12:16:58.406387+00:00,2026-09-25T12:16:58.406387+00:00,89.005,True,ok
363,2026-09-25T10:47:53.999307+00:00,83,0,83,0,2026-09-25T12:16:59.432446+00:00,2026-09-25T12:16:59.521451+00:00,2026-09-25T12:16:59.521451+00:00,89.005,True,ok
365,2026-09-25T10:47:54.803632+00:00,83,0,83,0,2026-09-25T12:17:00.232491+00:00,2026-09-25T12:17:00.326497+00:00,2026-09-25T12:17:00.326497+00:00,94.006,True,ok
368,2026-09-25T10:47:55.894924+00:00,83,0,83,0,2026-09-25T12:17:01.325554+00:00,2026-09-25T12:17:01.415559+00:00,2026-09-25T12:17:01.415559+00:00,90.005,True,ok
370,2026-09-25T10:47:56.758681+00:00,83,0,83,0,2026-09-25T12:17:02.041595+00:00,2026-09-25T12:17:02.141601+00:00,2026-09-25T12:17:02.141601+00:00,100.006,True,ok
373,2026-09-25T10:47:57.870379+00:00,83,0,83,0,2026-09-25T12:17:03.292666+00:00,2026-09-25T12:17:03.392672+00:00,2026-09-25T12:17:03.392672+00:00,100.006,True,ok
375,2026-09-25T10:47:58.809257+00:00,83,0,83,0,2026-09-25T12:17:04.159716+00:00,2026-09-25T12:17:04.331726+00:00,2026-09-25T12:17:04.331726+00:00,172.01,True,ok
378,2026-09-25T10:47:59.872510+00:00,83,0,83,0,2026-09-25T12:17:05.303781+00:00,2026-09-25T12:17:05.394787+00:00,2026-09-25T12:17:05.394787+00:00,91.006,True,ok
380,2026-09-25T10:48:00.721727+00:00,83,0,83,0,2026-09-25T12:17:06.013822+00:00,2026-09-25T12:17:06.107827+00:00,2026-09-25T12:17:06.107827+00:00,94.00500000000001,True,ok
383,2026-09-25T10:48:01.840582+00:00,83,0,83,0,2026-09-25T12:17:07.266894+00:00,2026-09-25T12:17:07.362899+00:00,2026-09-25T12:17:07.362899+00:00,96.005,True,ok
386,2026-09-25T10:48:02.892696+00:00,83,0,83,0,2026-09-25T12:17:08.324954+00:00,2026-09-25T12:17:08.412959+00:00,2026-09-25T12:17:08.412959+00:00,88.005,True,ok
388,2026-09-25T10:48:03.722090+00:00,83,0,83,0,2026-09-25T12:17:09.075997+00:00,2026-09-25T12:17:09.173003+00:00,2026-09-25T12:17:09.173003+00:00,97.006,True,ok
391,2026-09-25T10:48:04.839841+00:00,83,0,83,0,2026-09-25T12:17:10.272066+00:00,2026-09-25T12:17:10.362071+00:00,2026-09-25T12:17:10.362071+00:00,90.005,True,ok
393,2026-09-25T10:48:05.644145+00:00,83,0,83,0,2026-09-25T12:17:10.992107+00:00,2026-09-25T12:17:11.094113+00:00,2026-09-25T12:17:11.094113+00:00,102.006,True,ok
396,2026-09-25T10:48:06.813487+00:00,83,0,83,0,2026-09-25T12:17:12.241178+00:00,2026-09-25T12:17:12.335184+00:00,2026-09-25T12:17:12.335184+00:00,94.006,True,ok
398,2026-09-25T10:48:07.589290+00:00,83,0,83,0,2026-09-25T12:17:13.017223+00:00,2026-09-25T12:17:13.111228+00:00,2026-09-25T12:17:13.111228+00:00,94.00500000000001,True,ok
401,2026-09-25T10:48:08.785126+00:00,83,0,83,0,2026-09-25T12:17:14.109285+00:00,2026-09-25T12:17:14.231292+00:00,2026-09-25T12:17:14.231292+00:00,122.007,True,ok
404,2026-09-25T10:48:09.911500+00:00,83,0,83,0,2026-09-25T12:17:15.348356+00:00,2026-09-25T12:17:15.433361+00:00,2026-09-25T12:17:15.433361+00:00,85.005,True,ok
406,2026-09-25T10:48:10.602677+00:00,83,0,83,0,2026-09-25T12:17:16.038395+00:00,2026-09-25T12:17:16.124400+00:00,2026-09-25T12:17:16.124400+00:00,86.005,True,ok
409,2026-09-25T10:48:11.718805+00:00,83,0,83,0,2026-09-25T12:17:17.144459+00:00,2026-09-25T12:17:17.240464+00:00,2026-09-25T12:17:17.240464+00:00,96.005,True,ok
412,2026-09-25T10:48:12.795523+00:00,83,0,83,0,2026-09-25T12:17:18.225520+00:00,2026-09-25T12:17:18.316526+00:00,2026-09-25T12:17:18.316526+00:00,91.006,True,ok
414,2026-09-25T10:48:13.593046+00:00,83,0,83,0,2026-09-25T12:17:19.029566+00:00,2026-09-25T12:17:19.114571+00:00,2026-09-25T12:17:19.114571+00:00,85.005,True,ok
417,2026-09-25T10:48:14.775141+00:00,83,0,83,0,2026-09-25T12:17:20.208634+00:00,2026-09-25T12:17:20.296639+00:00,2026-09-25T12:17:20.296639+00:00,88.005,True,ok
420,2026-09-25T10:48:15.887503+00:00,83,0,83,0,2026-09-25T12:17:21.319697+00:00,2026-09-25T12:17:21.408703+00:00,2026-09-25T12:17:21.408703+00:00,89.006,True,ok
422,2026-09-25T10:48:16.753408+00:00,83,0,83,0,2026-09-25T12:17:22.181747+00:00,2026-09-25T12:17:22.274752+00:00,2026-09-25T12:17:22.274752+00:00,93.00500000000001,True,ok
425,2026-09-25T10:48:17.881308+00:00,83,0,83,0,2026-09-25T12:17:23.311811+00:00,2026-09-25T12:17:23.402817+00:00,2026-09-25T12:17:23.402817+00:00,91.006,True,ok
427,2026-09-25T10:48:18.762783+00:00,83,0,83,0,2026-09-25T12:17:24.179861+00:00,2026-09-25T12:17:24.283867+00:00,2026-09-25T12:17:24.283867+00:00,104.006,True,ok
429,2026-09-25T10:48:19.709752+00:00,83,0,83,0,2026-09-25T12:17:24.990907+00:00,2026-09-25T12:17:25.131915+00:00,2026-09-25T12:17:25.131915+00:00,141.00799999999998,True,ok
432,2026-09-25T10:48:20.825651+00:00,83,0,83,0,2026-09-25T12:17:26.251980+00:00,2026-09-25T12:17:26.346985+00:00,2026-09-25T12:17:26.346985+00:00,95.00500000000001,True,ok
435,2026-09-25T10:48:21.891866+00:00,83,0,83,0,2026-09-25T12:17:27.322041+00:00,2026-09-25T12:17:27.413046+00:00,2026-09-25T12:17:27.413046+00:00,91.005,True,ok
437,2026-09-25T10:48:22.603623+00:00,83,0,83,0,2026-09-25T12:17:28.029081+00:00,2026-09-25T12:17:28.118086+00:00,2026-09-25T12:17:28.118086+00:00,89.005,True,ok
440,2026-09-25T10:48:23.688157+00:00,83,0,83,0,2026-09-25T12:17:29.121144+00:00,2026-09-25T12:17:29.209149+00:00,2026-09-25T12:17:29.209149+00:00,88.005,True,ok
443,2026-09-25T10:48:24.807289+00:00,83,0,83,0,2026-09-25T12:17:30.237207+00:00,2026-09-25T12:17:30.328213+00:00,2026-09-25T12:17:30.328213+00:00,91.006,True,ok
446,2026-09-25T10:48:25.856314+00:00,83,0,83,0,2026-09-25T12:17:31.290268+00:00,2026-09-25T12:17:31.377273+00:00,2026-09-25T12:17:31.377273+00:00,87.005,True,ok
448,2026-09-25T10:48:26.745839+00:00,83,0,83,0,2026-09-25T12:17:32.176318+00:00,2026-09-25T12:17:32.266324+00:00,2026-09-25T12:17:32.266324+00:00,90.006,True,ok
451,2026-09-25T10:48:27.829409+00:00,83,0,83,0,2026-09-25T12:17:33.260380+00:00,2026-09-25T12:17:33.350386+00:00,2026-09-25T12:17:33.350386+00:00,90.006,True,ok
454,2026-09-25T10:48:28.924793+00:00,83,0,83,0,2026-09-25T12:17:34.347443+00:00,2026-09-25T12:17:34.445448+00:00,2026-09-25T12:17:34.445448+00:00,98.005,True,ok
456,2026-09-25T10:48:29.789055+00:00,83,0,83,0,2026-09-25T12:17:35.141488+00:00,2026-09-25T12:17:35.309498+00:00,2026-09-25T12:17:35.309498+00:00,168.01,True,ok
459,2026-09-25T10:48:30.835093+00:00,83,0,83,0,2026-09-25T12:17:36.264552+00:00,2026-09-25T12:17:36.355557+00:00,2026-09-25T12:17:36.355557+00:00,91.005,True,ok
462,2026-09-25T10:48:31.920027+00:00,83,0,83,0,2026-09-25T12:17:37.353615+00:00,2026-09-25T12:17:37.440619+00:00,2026-09-25T12:17:37.440619+00:00,87.004,True,ok
464,2026-09-25T10:48:32.655683+00:00,83,0,83,0,2026-09-25T12:17:38.059655+00:00,2026-09-25T12:17:38.155660+00:00,2026-09-25T12:17:38.155660+00:00,96.005,True,ok
467,2026-09-25T10:48:33.731349+00:00,83,0,83,0,2026-09-25T12:17:39.162718+00:00,2026-09-25T12:17:39.251723+00:00,2026-09-25T12:17:39.251723+00:00,89.005,True,ok
470,2026-09-25T10:48:34.845570+00:00,83,0,83,0,2026-09-25T12:17:40.276782+00:00,2026-09-25T12:17:40.365787+00:00,2026-09-25T12:17:40.365787+00:00,89.005,True,ok
473,2026-09-25T10:48:35.912259+00:00,83,0,83,0,2026-09-25T12:17:41.338842+00:00,2026-09-25T12:17:41.430848+00:00,2026-09-25T12:17:41.430848+00:00,92.006,True,ok
475,2026-09-25T10:48:36.777495+00:00,83,0,83,0,2026-09-25T12:17:42.204892+00:00,2026-09-25T12:17:42.297897+00:00,2026-09-25T12:17:42.297897+00:00,93.00500000000001,True,ok
478,2026-09-25T10:48:37.898641+00:00,83,0,83,0,2026-09-25T12:17:43.326956+00:00,2026-09-25T12:17:43.417961+00:00,2026-09-25T12:17:43.417961+00:00,91.005,True,ok
480,2026-09-25T10:48:38.749025+00:00,83,0,83,0,2026-09-25T12:17:44.171004+00:00,2026-09-25T12:17:44.269010+00:00,2026-09-25T12:17:44.269010+00:00,98.006,True,ok
482,2026-09-25T10:48:39.485052+00:00,83,0,83,0,2026-09-25T12:17:44.898046+00:00,2026-09-25T12:17:45.003052+00:00,2026-09-25T12:17:45.003052+00:00,105.006,True,ok
485,2026-09-25T10:48:40.804090+00:00,83,0,83,0,2026-09-25T12:17:46.232122+00:00,2026-09-25T12:17:46.324128+00:00,2026-09-25T12:17:46.324128+00:00,92.006,True,ok
488,2026-09-25T10:48:41.888173+00:00,83,0,83,0,2026-09-25T12:17:47.298183+00:00,2026-09-25T12:17:47.408190+00:00,2026-09-25T12:17:47.408190+00:00,110.00699999999999,True,ok
490,2026-09-25T10:48:42.612198+00:00,83,0,83,0,2026-09-25T12:17:48.044226+00:00,2026-09-25T12:17:48.132231+00:00,2026-09-25T12:17:48.132231+00:00,88.005,True,ok
493,2026-09-25T10:48:43.803254+00:00,83,0,83,0,2026-09-25T12:17:49.233294+00:00,2026-09-25T12:17:49.323299+00:00,2026-09-25T12:17:49.323299+00:00,90.005,True,ok
496,2026-09-25T10:48:44.939340+00:00,83,0,83,0,2026-09-25T12:17:50.370359+00:00,2026-09-25T12:17:50.458364+00:00,2026-09-25T12:17:50.458364+00:00,88.005,True,ok
498,2026-09-25T10:48:45.627597+00:00,83,0,83,0,2026-09-25T12:17:51.061399+00:00,2026-09-25T12:17:51.147403+00:00,2026-09-25T12:17:51.147403+00:00,86.00399999999999,True,ok
501,2026-09-25T10:48:46.741803+00:00,83,0,83,0,2026-09-25T12:17:52.168462+00:00,2026-09-25T12:17:52.261467+00:00,2026-09-25T12:17:52.261467+00:00,93.00500000000001,True,ok
504,2026-09-25T10:48:47.832841+00:00,83,0,83,0,2026-09-25T12:17:53.262524+00:00,2026-09-25T12:17:53.352530+00:00,2026-09-25T12:17:53.352530+00:00,90.006,True,ok
507,2026-09-25T10:48:48.913786+00:00,83,0,83,0,2026-09-25T12:17:54.340586+00:00,2026-09-25T12:17:54.432591+00:00,2026-09-25T12:17:54.432591+00:00,92.00500000000001,True,ok
509,2026-09-25T10:48:49.735096+00:00,83,0,83,0,2026-09-25T12:17:55.087629+00:00,2026-09-25T12:17:55.198635+00:00,2026-09-25T12:17:55.198635+00:00,111.006,True,ok
512,2026-09-25T10:48:50.907963+00:00,83,0,83,0,2026-09-25T12:17:56.338700+00:00,2026-09-25T12:17:56.426705+00:00,2026-09-25T12:17:56.426705+00:00,88.005,True,ok
514,2026-09-25T10:48:51.617478+00:00,83,0,83,0,2026-09-25T12:17:57.048741+00:00,2026-09-25T12:17:57.135746+00:00,2026-09-25T12:17:57.135746+00:00,87.005,True,ok
517,2026-09-25T10:48:52.859724+00:00,83,0,83,0,2026-09-25T12:17:58.285812+00:00,2026-09-25T12:17:58.378817+00:00,2026-09-25T12:17:58.378817+00:00,93.00500000000001,True,ok
520,2026-09-25T10:48:53.919485+00:00,83,0,83,0,2026-09-25T12:17:59.339872+00:00,2026-09-25T12:17:59.438878+00:00,2026-09-25T12:17:59.438878+00:00,99.006,True,ok
522,2026-09-25T10:48:54.624358+00:00,83,0,83,0,2026-09-25T12:18:00.057913+00:00,2026-09-25T12:18:00.143918+00:00,2026-09-25T12:18:00.143918+00:00,86.005,True,ok
525,2026-09-25T10:48:55.684028+00:00,83,0,83,0,2026-09-25T12:18:01.113974+00:00,2026-09-25T12:18:01.202979+00:00,2026-09-25T12:18:01.202979+00:00,89.005,True,ok
528,2026-09-25T10:48:56.842064+00:00,83,0,83,0,2026-09-25T12:18:02.267039+00:00,2026-09-25T12:18:02.361045+00:00,2026-09-25T12:18:02.361045+00:00,94.006,True,ok
531,2026-09-25T10:48:57.950362+00:00,83,0,83,0,2026-09-25T12:18:03.377103+00:00,2026-09-25T12:18:03.469108+00:00,2026-09-25T12:18:03.469108+00:00,92.00500000000001,True,ok
533,2026-09-25T10:48:58.700026+00:00,83,0,83,0,2026-09-25T12:18:04.128146+00:00,2026-09-25T12:18:04.219151+00:00,2026-09-25T12:18:04.219151+00:00,91.005,True,ok
536,2026-09-25T10:48:59.856262+00:00,83,0,83,0,2026-09-25T12:18:05.272211+00:00,2026-09-25T12:18:05.375217+00:00,2026-09-25T12:18:05.375217+00:00,103.006,True,ok
538,2026-09-25T10:49:00.741421+00:00,83,0,83,0,2026-09-25T12:18:06.095258+00:00,2026-09-25T12:18:06.260268+00:00,2026-09-25T12:18:06.260268+00:00,165.01,True,ok
541,2026-09-25T10:49:01.911548+00:00,83,0,83,0,2026-09-25T12:18:07.342330+00:00,2026-09-25T12:18:07.430335+00:00,2026-09-25T12:18:07.430335+00:00,88.005,True,ok
543,2026-09-25T10:49:02.653557+00:00,83,0,83,0,2026-09-25T12:18:08.085372+00:00,2026-09-25T12:18:08.172377+00:00,2026-09-25T12:18:08.172377+00:00,87.005,True,ok
546,2026-09-25T10:49:03.794712+00:00,83,0,83,0,2026-09-25T12:18:09.223437+00:00,2026-09-25T12:18:09.313443+00:00,2026-09-25T12:18:09.313443+00:00,90.006,True,ok
549,2026-09-25T10:49:04.932735+00:00,83,0,83,0,2026-09-25T12:18:10.361502+00:00,2026-09-25T12:18:10.451508+00:00,2026-09-25T12:18:10.451508+00:00,90.006,True,ok
551,2026-09-25T10:49:05.710834+00:00,83,0,83,0,2026-09-25T12:18:11.140547+00:00,2026-09-25T12:18:11.229552+00:00,2026-09-25T12:18:11.229552+00:00,89.005,True,ok
554,2026-09-25T10:49:06.821011+00:00,83,0,83,0,2026-09-25T12:18:12.249610+00:00,2026-09-25T12:18:12.339616+00:00,2026-09-25T12:18:12.339616+00:00,90.006,True,ok
557,2026-09-25T10:49:07.895035+00:00,83,0,83,0,2026-09-25T12:18:13.322672+00:00,2026-09-25T12:18:13.411677+00:00,2026-09-25T12:18:13.411677+00:00,89.005,True,ok
559,2026-09-25T10:49:08.604140+00:00,83,0,83,0,2026-09-25T12:18:14.030712+00:00,2026-09-25T12:18:14.122718+00:00,2026-09-25T12:18:14.122718+00:00,92.006,True,ok
562,2026-09-25T10:49:09.748671+00:00,83,0,83,0,2026-09-25T12:18:15.107774+00:00,2026-09-25T12:18:15.204779+00:00,2026-09-25T12:18:15.204779+00:00,97.005,True,ok
564,2026-09-25T10:49:10.578215+00:00,83,0,83,0,2026-09-25T12:18:15.919820+00:00,2026-09-25T12:18:16.093830+00:00,2026-09-25T12:18:16.093830+00:00,174.01,True,ok
567,2026-09-25T10:49:11.845645+00:00,83,0,83,0,2026-09-25T12:18:17.273898+00:00,2026-09-25T12:18:17.363903+00:00,2026-09-25T12:18:17.363903+00:00,90.005,True,ok
569,2026-09-25T10:49:12.629149+00:00,83,0,83,0,2026-09-25T12:18:17.966937+00:00,2026-09-25T12:18:18.057943+00:00,2026-09-25T12:18:18.057943+00:00,91.006,True,ok
572,2026-09-25T10:49:13.733847+00:00,83,0,83,0,2026-09-25T12:18:19.163006+00:00,2026-09-25T12:18:19.252011+00:00,2026-09-25T12:18:19.252011+00:00,89.005,True,ok
575,2026-09-25T10:49:14.798051+00:00,83,0,83,0,2026-09-25T12:18:20.228067+00:00,2026-09-25T12:18:20.316072+00:00,2026-09-25T12:18:20.316072+00:00,88.005,True,ok
578,2026-09-25T10:49:15.879174+00:00,83,0,83,0,2026-09-25T12:18:21.307129+00:00,2026-09-25T12:18:21.397134+00:00,2026-09-25T12:18:21.397134+00:00,90.005,True,ok
580,2026-09-25T10:49:16.665321+00:00,83,0,83,0,2026-09-25T12:18:22.004168+00:00,2026-09-25T12:18:22.093173+00:00,2026-09-25T12:18:22.093173+00:00,89.005,True,ok
583,2026-09-25T10:49:17.826497+00:00,83,0,83,0,2026-09-25T12:18:23.251240+00:00,2026-09-25T12:18:23.344245+00:00,2026-09-25T12:18:23.344245+00:00,93.00500000000001,True,ok
585,2026-09-25T10:49:18.660307+00:00,83,0,83,0,2026-09-25T12:18:24.079287+00:00,2026-09-25T12:18:24.178293+00:00,2026-09-25T12:18:24.178293+00:00,99.006,True,ok
588,2026-09-25T10:49:19.894694+00:00,83,0,83,0,2026-09-25T12:18:25.314358+00:00,2026-09-25T12:18:25.412363+00:00,2026-09-25T12:18:25.412363+00:00,98.005,True,ok
590,2026-09-25T10:49:20.646805+00:00,83,0,83,0,2026-09-25T12:18:26.052400+00:00,2026-09-25T12:18:26.159406+00:00,2026-09-25T12:18:26.159406+00:00,107.006,True,ok
593,2026-09-25T10:49:21.791141+00:00,83,0,83,0,2026-09-25T12:18:27.211466+00:00,2026-09-25T12:18:27.308472+00:00,2026-09-25T12:18:27.308472+00:00,97.006,True,ok
596,2026-09-25T10:49:23.044207+00:00,83,0,83,0,2026-09-25T12:18:28.472538+00:00,2026-09-25T12:18:28.561543+00:00,2026-09-25T12:18:28.561543+00:00,89.005,True,ok
598,2026-09-25T10:49:23.835894+00:00,83,0,83,0,2026-09-25T12:18:29.264584+00:00,2026-09-25T12:18:29.353589+00:00,2026-09-25T12:18:29.353589+00:00,89.005,True,ok
600,2026-09-25T10:49:24.634872+00:00,83,0,83,0,2026-09-25T12:18:29.996626+00:00,2026-09-25T12:18:30.094631+00:00,2026-09-25T12:18:30.094631+00:00,98.005,True,ok
603,2026-09-25T10:49:25.787031+00:00,83,0,83,0,2026-09-25T12:18:31.219695+00:00,2026-09-25T12:18:31.304700+00:00,2026-09-25T12:18:31.304700+00:00,85.005,True,ok
606,2026-09-25T10:49:26.896111+00:00,83,0,83,0,2026-09-25T12:18:32.322759+00:00,2026-09-25T12:18:32.413764+00:00,2026-09-25T12:18:32.413764+00:00,91.005,True,ok
608,2026-09-25T10:49:27.636284+00:00,83,0,83,0,2026-09-25T12:18:33.054800+00:00,2026-09-25T12:18:33.147806+00:00,2026-09-25T12:18:33.147806+00:00,93.006,True,ok
611,2026-09-25T10:49:28.790700+00:00,83,0,83,0,2026-09-25T12:18:34.214867+00:00,2026-09-25T12:18:34.307872+00:00,2026-09-25T12:18:34.307872+00:00,93.00500000000001,True,ok
613,2026-09-25T10:49:29.578245+00:00,83,0,83,0,2026-09-25T12:18:34.920907+00:00,2026-09-25T12:18:35.014913+00:00,2026-09-25T12:18:35.014913+00:00,94.006,True,ok
616,2026-09-25T10:49:30.700799+00:00,83,0,83,0,2026-09-25T12:18:36.120976+00:00,2026-09-25T12:18:36.217981+00:00,2026-09-25T12:18:36.217981+00:00,97.005,True,ok
619,2026-09-25T10:49:31.916901+00:00,83,0,83,0,2026-09-25T12:18:37.345046+00:00,2026-09-25T12:18:37.434051+00:00,2026-09-25T12:18:37.434051+00:00,89.005,True,ok
621,2026-09-25T10:49:32.624434+00:00,83,0,83,0,2026-09-25T12:18:38.050086+00:00,2026-09-25T12:18:38.140091+00:00,2026-09-25T12:18:38.140091+00:00,90.005,True,ok
624,2026-09-25T10:49:33.679917+00:00,83,0,83,0,2026-09-25T12:18:39.109147+00:00,2026-09-25T12:18:39.197152+00:00,2026-09-25T12:18:39.197152+00:00,88.005,True,ok
627,2026-09-25T10:49:34.856242+00:00,83,0,83,0,2026-09-25T12:18:40.280214+00:00,2026-09-25T12:18:40.373219+00:00,2026-09-25T12:18:40.373219+00:00,93.00500000000001,True,ok
629,2026-09-25T10:49:35.583479+00:00,83,0,83,0,2026-09-25T12:18:40.986254+00:00,2026-09-25T12:18:41.074259+00:00,2026-09-25T12:18:41.074259+00:00,88.005,True,ok
632,2026-09-25T10:49:36.664081+00:00,83,0,83,0,2026-09-25T12:18:42.095318+00:00,2026-09-25T12:18:42.181322+00:00,2026-09-25T12:18:42.181322+00:00,86.00399999999999,True,ok
635,2026-09-25T10:49:37.781907+00:00,83,0,83,0,2026-09-25T12:18:43.210381+00:00,2026-09-25T12:18:43.298386+00:00,2026-09-25T12:18:43.298386+00:00,88.005,True,ok
638,2026-09-25T10:49:38.874216+00:00,83,0,83,0,2026-09-25T12:18:44.296443+00:00,2026-09-25T12:18:44.390449+00:00,2026-09-25T12:18:44.390449+00:00,94.006,True,ok
640,2026-09-25T10:49:39.591695+00:00,83,0,83,0,2026-09-25T12:18:45.008484+00:00,2026-09-25T12:18:45.104490+00:00,2026-09-25T12:18:45.104490+00:00,96.006,True,ok
643,2026-09-25T10:49:40.847160+00:00,83,0,83,0,2026-09-25T12:18:46.257556+00:00,2026-09-25T12:18:46.363562+00:00,2026-09-25T12:18:46.363562+00:00,106.006,True,ok
645,2026-09-25T10:49:41.673040+00:00,83,0,83,0,2026-09-25T12:18:47.023599+00:00,2026-09-25T12:18:47.189609+00:00,2026-09-25T12:18:47.189609+00:00,166.01,True,ok
648,2026-09-25T10:49:42.751563+00:00,83,0,83,0,2026-09-25T12:18:48.181666+00:00,2026-09-25T12:18:48.267671+00:00,2026-09-25T12:18:48.267671+00:00,86.005,True,ok
651,2026-09-25T10:49:43.833238+00:00,83,0,83,0,2026-09-25T12:18:49.258727+00:00,2026-09-25T12:18:49.349732+00:00,2026-09-25T12:18:49.349732+00:00,91.005,True,ok
654,2026-09-25T10:49:44.914402+00:00,83,0,83,0,2026-09-25T12:18:50.340789+00:00,2026-09-25T12:18:50.429794+00:00,2026-09-25T12:18:50.429794+00:00,89.005,True,ok
656,2026-09-25T10:49:45.610266+00:00,83,0,83,0,2026-09-25T12:18:51.040829+00:00,2026-09-25T12:18:51.126834+00:00,2026-09-25T12:18:51.126834+00:00,86.005,True,ok
659,2026-09-25T10:49:46.804485+00:00,83,0,83,0,2026-09-25T12:18:52.226897+00:00,2026-09-25T12:18:52.320902+00:00,2026-09-25T12:18:52.320902+00:00,94.00500000000001,True,ok
661,2026-09-25T10:49:47.616657+00:00,83,0,83,0,2026-09-25T12:18:52.944938+00:00,2026-09-25T12:18:53.030943+00:00,2026-09-25T12:18:53.030943+00:00,86.005,True,ok
664,2026-09-25T10:49:48.706569+00:00,83,0,83,0,2026-09-25T12:18:54.131006+00:00,2026-09-25T12:18:54.223011+00:00,2026-09-25T12:18:54.223011+00:00,92.00500000000001,True,ok
667,2026-09-25T10:49:49.874914+00:00,83,0,83,0,2026-09-25T12:18:55.298073+00:00,2026-09-25T12:18:55.391078+00:00,2026-09-25T12:18:55.391078+00:00,93.00500000000001,True,ok
669,2026-09-25T10:49:50.600777+00:00,83,0,83,0,2026-09-25T12:18:56.006113+00:00,2026-09-25T12:18:56.113119+00:00,2026-09-25T12:18:56.113119+00:00,107.006,True,ok
672,2026-09-25T10:49:51.956310+00:00,83,0,83,0,2026-09-25T12:18:57.298187+00:00,2026-09-25T12:18:57.472197+00:00,2026-09-25T12:18:57.472197+00:00,174.01,True,ok
674,2026-09-25T10:49:52.719983+00:00,83,0,83,0,2026-09-25T12:18:58.148236+00:00,2026-09-25T12:18:58.236241+00:00,2026-09-25T12:18:58.236241+00:00,88.005,True,ok
677,2026-09-25T10:49:53.823150+00:00,83,0,83,0,2026-09-25T12:18:59.252299+00:00,2026-09-25T12:18:59.339304+00:00,2026-09-25T12:18:59.339304+00:00,87.005,True,ok
679,2026-09-25T10:49:54.567362+00:00,83,0,83,0,2026-09-25T12:18:59.956339+00:00,2026-09-25T12:19:00.042344+00:00,2026-09-25T12:19:00.042344+00:00,86.005,True,ok
682,2026-09-25T10:49:55.646162+00:00,83,0,83,0,2026-09-25T12:19:01.074403+00:00,2026-09-25T12:19:01.162408+00:00,2026-09-25T12:19:01.162408+00:00,88.005,True,ok
685,2026-09-25T10:49:56.860701+00:00,83,0,83,0,2026-09-25T12:19:02.287472+00:00,2026-09-25T12:19:02.376478+00:00,2026-09-25T12:19:02.376478+00:00,89.006,True,ok
688,2026-09-25T10:49:57.946768+00:00,83,0,83,0,2026-09-25T12:19:03.373535+00:00,2026-09-25T12:19:03.462540+00:00,2026-09-25T12:19:03.462540+00:00,89.005,True,ok
690,2026-09-25T10:49:58.694722+00:00,83,0,83,0,2026-09-25T12:19:04.117577+00:00,2026-09-25T12:19:04.210582+00:00,2026-09-25T12:19:04.210582+00:00,93.00500000000001,True,ok
693,2026-09-25T10:49:59.768895+00:00,83,0,83,0,2026-09-25T12:19:05.191639+00:00,2026-09-25T12:19:05.284644+00:00,2026-09-25T12:19:05.284644+00:00,93.00500000000001,True,ok
696,2026-09-25T10:50:00.860427+00:00,83,0,83,0,2026-09-25T12:19:06.277701+00:00,2026-09-25T12:19:06.375706+00:00,2026-09-25T12:19:06.375706+00:00,98.005,True,ok
698,2026-09-25T10:50:01.653911+00:00,83,0,83,0,2026-09-25T12:19:07.062746+00:00,2026-09-25T12:19:07.167752+00:00,2026-09-25T12:19:07.167752+00:00,105.006,True,ok
701,2026-09-25T10:50:02.840038+00:00,83,0,83,0,2026-09-25T12:19:08.266814+00:00,2026-09-25T12:19:08.354819+00:00,2026-09-25T12:19:08.354819+00:00,88.005,True,ok
704,2026-09-25T10:50:03.919275+00:00,83,0,83,0,2026-09-25T12:19:09.345876+00:00,2026-09-25T12:19:09.434881+00:00,2026-09-25T12:19:09.434881+00:00,89.005,True,ok
706,2026-09-25T10:50:04.672321+00:00,83,0,83,0,2026-09-25T12:19:10.081918+00:00,2026-09-25T12:19:10.177924+00:00,2026-09-25T12:19:10.177924+00:00,96.006,True,ok
709,2026-09-25T10:50:05.835831+00:00,83,0,83,0,2026-09-25T12:19:11.258986+00:00,2026-09-25T12:19:11.350991+00:00,2026-09-25T12:19:11.350991+00:00,92.00500000000001,True,ok
711,2026-09-25T10:50:06.650755+00:00,83,0,83,0,2026-09-25T12:19:12.078032+00:00,2026-09-25T12:19:12.166037+00:00,2026-09-25T12:19:12.166037+00:00,88.005,True,ok
714,2026-09-25T10:50:07.872938+00:00,83,0,83,0,2026-09-25T12:19:13.296102+00:00,2026-09-25T12:19:13.388107+00:00,2026-09-25T12:19:13.388107+00:00,92.00500000000001,True,ok
716,2026-09-25T10:50:08.614791+00:00,83,0,83,0,2026-09-25T12:19:14.003143+00:00,2026-09-25T12:19:14.110149+00:00,2026-09-25T12:19:14.110149+00:00,107.006,True,ok
719,2026-09-25T10:50:09.827099+00:00,83,0,83,0,2026-09-25T12:19:15.246214+00:00,2026-09-25T12:19:15.342219+00:00,2026-09-25T12:19:15.342219+00:00,96.005,True,ok
722,2026-09-25T10:50:10.891374+00:00,83,0,83,0,2026-09-25T12:19:16.312275+00:00,2026-09-25T12:19:16.403280+00:00,2026-09-25T12:19:16.403280+00:00,91.005,True,ok
724,2026-09-25T10:50:11.633077+00:00,83,0,83,0,2026-09-25T12:19:17.046317+00:00,2026-09-25T12:19:17.141322+00:00,2026-09-25T12:19:17.141322+00:00,95.00500000000001,True,ok
727,2026-09-25T10:50:12.812554+00:00,83,0,83,0,2026-09-25T12:19:18.234385+00:00,2026-09-25T12:19:18.327390+00:00,2026-09-25T12:19:18.327390+00:00,93.00500000000001,True,ok
730,2026-09-25T10:50:13.884603+00:00,83,0,83,0,2026-09-25T12:19:19.308446+00:00,2026-09-25T12:19:19.399451+00:00,2026-09-25T12:19:19.399451+00:00,91.005,True,ok
733,2026-09-25T10:50:14.946969+00:00,83,0,83,0,2026-09-25T12:19:20.372507+00:00,2026-09-25T12:19:20.461512+00:00,2026-09-25T12:19:20.461512+00:00,89.005,True,ok
735,2026-09-25T10:50:15.680643+00:00,83,0,83,0,2026-09-25T12:19:21.105549+00:00,2026-09-25T12:19:21.195554+00:00,2026-09-25T12:19:21.195554+00:00,90.005,True,ok
738,2026-09-25T10:50:16.868846+00:00,83,0,83,0,2026-09-25T12:19:22.285616+00:00,2026-09-25T12:19:22.382622+00:00,2026-09-25T12:19:22.382622+00:00,97.006,True,ok
740,2026-09-25T10:50:17.612364+00:00,83,0,83,0,2026-09-25T12:19:23.021658+00:00,2026-09-25T12:19:23.108663+00:00,2026-09-25T12:19:23.108663+00:00,87.005,True,ok
743,2026-09-25T10:50:18.802089+00:00,83,0,83,0,2026-09-25T12:19:24.225727+00:00,2026-09-25T12:19:24.316732+00:00,2026-09-25T12:19:24.316732+00:00,91.005,True,ok
746,2026-09-25T10:50:19.884163+00:00,83,0,83,0,2026-09-25T12:19:25.310789+00:00,2026-09-25T12:19:25.398794+00:00,2026-09-25T12:19:25.398794+00:00,88.005,True,ok
748,2026-09-25T10:50:20.581226+00:00,83,0,83,0,2026-09-25T12:19:26.003829+00:00,2026-09-25T12:19:26.095834+00:00,2026-09-25T12:19:26.095834+00:00,92.00500000000001,True,ok
751,2026-09-25T10:50:21.834068+00:00,83,0,83,0,2026-09-25T12:19:27.149895+00:00,2026-09-25T12:19:27.252900+00:00,2026-09-25T12:19:27.252900+00:00,103.005,True,ok
753,2026-09-25T10:50:22.741556+00:00,83,0,83,0,2026-09-25T12:19:28.005943+00:00,2026-09-25T12:19:28.185954+00:00,2026-09-25T12:19:28.185954+00:00,180.011,True,ok
757,2026-09-25T10:50:24.305710+00:00,83,0,83,0,2026-09-25T12:19:29.711041+00:00,2026-09-25T12:19:29.820047+00:00,2026-09-25T12:19:29.820047+00:00,109.006,True,ok
760,2026-09-25T10:50:25.564720+00:00,83,0,83,0,2026-09-25T12:19:30.880108+00:00,2026-09-25T12:19:30.976113+00:00,2026-09-25T12:19:30.976113+00:00,96.005,True,ok
762,2026-09-25T10:50:26.304923+00:00,83,0,83,0,2026-09-25T12:19:31.718156+00:00,2026-09-25T12:19:31.811161+00:00,2026-09-25T12:19:31.811161+00:00,93.00500000000001,True,ok
765,2026-09-25T10:50:27.411189+00:00,83,0,83,0,2026-09-25T12:19:32.835220+00:00,2026-09-25T12:19:32.925225+00:00,2026-09-25T12:19:32.925225+00:00,90.005,True,ok
768,2026-09-25T10:50:28.489086+00:00,83,0,83,0,2026-09-25T12:19:33.895280+00:00,2026-09-25T12:19:34.003286+00:00,2026-09-25T12:19:34.003286+00:00,108.006,True,ok
770,2026-09-25T10:50:29.335253+00:00,83,0,83,0,2026-09-25T12:19:34.659324+00:00,2026-09-25T12:19:34.753329+00:00,2026-09-25T12:19:34.753329+00:00,94.00500000000001,True,ok
773,2026-09-25T10:50:30.476918+00:00,83,0,83,0,2026-09-25T12:19:35.901395+00:00,2026-09-25T12:19:35.990400+00:00,2026-09-25T12:19:35.990400+00:00,89.005,True,ok
776,2026-09-25T10:50:31.583797+00:00,83,0,83,0,2026-09-25T12:19:37.000458+00:00,2026-09-25T12:19:37.097463+00:00,2026-09-25T12:19:37.097463+00:00,97.005,True,ok
778,2026-09-25T10:50:32.322154+00:00,83,0,83,0,2026-09-25T12:19:37.721499+00:00,2026-09-25T12:19:37.826505+00:00,2026-09-25T12:19:37.826505+00:00,105.006,True,ok
781,2026-09-25T10:50:33.528007+00:00,83,0,83,0,2026-09-25T12:19:38.930568+00:00,2026-09-25T12:19:39.041575+00:00,2026-09-25T12:19:39.041575+00:00,111.00699999999999,True,ok
783,2026-09-25T10:50:34.343184+00:00,83,0,83,0,2026-09-25T12:19:39.671611+00:00,2026-09-25T12:19:39.760616+00:00,2026-09-25T12:19:39.760616+00:00,89.005,True,ok
786,2026-09-25T10:50:35.455893+00:00,83,0,83,0,2026-09-25T12:19:40.879680+00:00,2026-09-25T12:19:40.969685+00:00,2026-09-25T12:19:40.969685+00:00,90.005,True,ok
789,2026-09-25T10:50:36.520958+00:00,83,0,83,0,2026-09-25T12:19:41.941741+00:00,2026-09-25T12:19:42.034746+00:00,2026-09-25T12:19:42.034746+00:00,93.00500000000001,True,ok
791,2026-09-25T10:50:37.290110+00:00,83,0,83,0,2026-09-25T12:19:42.655781+00:00,2026-09-25T12:19:42.745787+00:00,2026-09-25T12:19:42.745787+00:00,90.006,True,ok
794,2026-09-25T10:50:38.498358+00:00,83,0,83,0,2026-09-25T12:19:43.805847+00:00,2026-09-25T12:19:43.905853+00:00,2026-09-25T12:19:43.905853+00:00,100.006,True,ok
797,2026-09-25T10:50:39.756333+00:00,83,0,83,0,2026-09-25T12:19:45.175926+00:00,2026-09-25T12:19:45.269931+00:00,2026-09-25T12:19:45.269931+00:00,94.00500000000001,True,ok
799,2026-09-25T10:50:40.589072+00:00,83,0,83,0,2026-09-25T12:19:45.906967+00:00,2026-09-25T12:19:45.996972+00:00,2026-09-25T12:19:45.996972+00:00,90.005,True,ok
801,2026-09-25T10:50:41.359678+00:00,83,0,83,0,2026-09-25T12:19:46.780017+00:00,2026-09-25T12:19:46.873023+00:00,2026-09-25T12:19:46.873023+00:00,93.006,True,ok
804,2026-09-25T10:50:42.509326+00:00,83,0,83,0,2026-09-25T12:19:47.917082+00:00,2026-09-25T12:19:48.021088+00:00,2026-09-25T12:19:48.021088+00:00,104.006,True,ok
807,2026-09-25T10:50:43.706235+00:00,83,0,83,0,2026-09-25T12:19:49.127152+00:00,2026-09-25T12:19:49.218157+00:00,2026-09-25T12:19:49.218157+00:00,91.005,True,ok
809,2026-09-25T10:50:44.445706+00:00,83,0,83,0,2026-09-25T12:19:49.858193+00:00,2026-09-25T12:19:49.955199+00:00,2026-09-25T12:19:49.955199+00:00,97.006,True,ok
812,2026-09-25T10:50:45.525937+00:00,83,0,83,0,2026-09-25T12:19:50.950256+00:00,2026-09-25T12:19:51.038261+00:00,2026-09-25T12:19:51.038261+00:00,88.005,True,ok
815,2026-09-25T10:50:46.581540+00:00,83,0,83,0,2026-09-25T12:19:52.005316+00:00,2026-09-25T12:19:52.093321+00:00,2026-09-25T12:19:52.093321+00:00,88.005,True,ok
818,2026-09-25T10:50:47.633330+00:00,83,0,83,0,2026-09-25T12:19:53.052376+00:00,2026-09-25T12:19:53.146381+00:00,2026-09-25T12:19:53.146381+00:00,94.00500000000001,True,ok
820,2026-09-25T10:50:48.409681+00:00,83,0,83,0,2026-09-25T12:19:53.768417+00:00,2026-09-25T12:19:53.861422+00:00,2026-09-25T12:19:53.861422+00:00,93.00500000000001,True,ok
826,2026-09-25T10:50:50.631732+00:00,83,0,83,0,2026-09-25T12:19:56.048547+00:00,2026-09-25T12:19:56.144553+00:00,2026-09-25T12:19:56.144553+00:00,96.006,True,ok
829,2026-09-25T10:50:51.722127+00:00,83,0,83,0,2026-09-25T12:19:57.144610+00:00,2026-09-25T12:19:57.234615+00:00,2026-09-25T12:19:57.234615+00:00,90.005,True,ok
831,2026-09-25T10:50:52.604922+00:00,83,0,83,0,2026-09-25T12:19:57.890653+00:00,2026-09-25T12:19:57.989658+00:00,2026-09-25T12:19:57.989658+00:00,99.005,True,ok
833,2026-09-25T10:50:53.449149+00:00,83,0,83,0,2026-09-25T12:19:58.730701+00:00,2026-09-25T12:19:58.913711+00:00,2026-09-25T12:19:58.913711+00:00,183.01000000000002,True,ok
836,2026-09-25T10:50:54.597253+00:00,83,0,83,0,2026-09-25T12:20:00.020775+00:00,2026-09-25T12:20:00.109780+00:00,2026-09-25T12:20:00.109780+00:00,89.005,True,ok
839,2026-09-25T10:50:55.688216+00:00,83,0,83,0,2026-09-25T12:20:01.113837+00:00,2026-09-25T12:20:01.200842+00:00,2026-09-25T12:20:01.200842+00:00,87.005,True,ok
841,2026-09-25T10:50:56.516251+00:00,83,0,83,0,2026-09-25T12:20:01.945885+00:00,2026-09-25T12:20:02.028889+00:00,2026-09-25T12:20:02.028889+00:00,83.00399999999999,True,ok
844,2026-09-25T10:50:57.686067+00:00,83,0,83,0,2026-09-25T12:20:03.104951+00:00,2026-09-25T12:20:03.197956+00:00,2026-09-25T12:20:03.197956+00:00,93.00500000000001,True,ok
847,2026-09-25T10:50:58.772581+00:00,83,0,83,0,2026-09-25T12:20:04.194013+00:00,2026-09-25T12:20:04.285019+00:00,2026-09-25T12:20:04.285019+00:00,91.006,True,ok
849,2026-09-25T10:50:59.529784+00:00,83,0,83,0,2026-09-25T12:20:04.951057+00:00,2026-09-25T12:20:05.042062+00:00,2026-09-25T12:20:05.042062+00:00,91.005,True,ok
852,2026-09-25T10:51:00.645112+00:00,83,0,83,0,2026-09-25T12:20:06.065120+00:00,2026-09-25T12:20:06.157126+00:00,2026-09-25T12:20:06.157126+00:00,92.006,True,ok
854,2026-09-25T10:51:01.428063+00:00,83,0,83,0,2026-09-25T12:20:06.814163+00:00,2026-09-25T12:20:06.919169+00:00,2026-09-25T12:20:06.919169+00:00,105.006,True,ok
857,2026-09-25T10:51:02.536036+00:00,83,0,83,0,2026-09-25T12:20:07.958229+00:00,2026-09-25T12:20:08.048234+00:00,2026-09-25T12:20:08.048234+00:00,90.005,True,ok
859,2026-09-25T10:51:03.317589+00:00,83,0,83,0,2026-09-25T12:20:08.720272+00:00,2026-09-25T12:20:08.825278+00:00,2026-09-25T12:20:08.825278+00:00,105.006,True,ok
860,2026-09-25T10:51:03.772840+00:00,83,0,83,0,2026-09-25T12:20:09.084293+00:00,2026-09-25T12:20:09.256303+00:00,2026-09-25T12:20:09.256303+00:00,172.01,True,ok
864,2026-09-25T10:51:05.254177+00:00,83,0,83,0,2026-09-25T12:20:10.682384+00:00,2026-09-25T12:20:10.766389+00:00,2026-09-25T12:20:10.766389+00:00,84.005,True,ok
865,2026-09-25T10:51:05.633513+00:00,83,0,83,0,2026-09-25T12:20:11.029404+00:00,2026-09-25T12:20:11.143411+00:00,2026-09-25T12:20:11.143411+00:00,114.00699999999999,True,ok
867,2026-09-25T10:51:06.479666+00:00,83,0,83,0,2026-09-25T12:20:11.905454+00:00,2026-09-25T12:20:11.991459+00:00,2026-09-25T12:20:11.991459+00:00,86.005,True,ok
870,2026-09-25T10:51:07.600772+00:00,83,0,83,0,2026-09-25T12:20:13.022518+00:00,2026-09-25T12:20:13.112523+00:00,2026-09-25T12:20:13.112523+00:00,90.005,True,ok
873,2026-09-25T10:51:08.703923+00:00,83,0,83,0,2026-09-25T12:20:14.128582+00:00,2026-09-25T12:20:14.215587+00:00,2026-09-25T12:20:14.215587+00:00,87.005,True,ok
875,2026-09-25T10:51:09.492181+00:00,83,0,83,0,2026-09-25T12:20:14.839622+00:00,2026-09-25T12:20:14.947628+00:00,2026-09-25T12:20:14.947628+00:00,108.006,True,ok
878,2026-09-25T10:51:10.559425+00:00,83,0,83,0,2026-09-25T12:20:15.982688+00:00,2026-09-25T12:20:16.070693+00:00,2026-09-25T12:20:16.070693+00:00,88.005,True,ok
881,2026-09-25T10:51:11.692275+00:00,83,0,83,0,2026-09-25T12:20:17.112752+00:00,2026-09-25T12:20:17.203757+00:00,2026-09-25T12:20:17.203757+00:00,91.005,True,ok
883,2026-09-25T10:51:12.470206+00:00,83,0,83,0,2026-09-25T12:20:17.885796+00:00,2026-09-25T12:20:17.981802+00:00,2026-09-25T12:20:17.981802+00:00,96.006,True,ok
886,2026-09-25T10:51:13.605322+00:00,83,0,83,0,2026-09-25T12:20:18.979859+00:00,2026-09-25T12:20:19.116867+00:00,2026-09-25T12:20:19.116867+00:00,137.00799999999998,True,ok
889,2026-09-25T10:51:14.891329+00:00,83,0,83,0,2026-09-25T12:20:20.309935+00:00,2026-09-25T12:20:20.399940+00:00,2026-09-25T12:20:20.399940+00:00,90.005,True,ok
891,2026-09-25T10:51:15.659597+00:00,83,0,83,0,2026-09-25T12:20:21.082979+00:00,2026-09-25T12:20:21.170984+00:00,2026-09-25T12:20:21.170984+00:00,88.005,True,ok
893,2026-09-25T10:51:16.430287+00:00,83,0,83,0,2026-09-25T12:20:21.784019+00:00,2026-09-25T12:20:21.889025+00:00,2026-09-25T12:20:21.889025+00:00,105.006,True,ok
896,2026-09-25T10:51:17.530659+00:00,83,0,83,0,2026-09-25T12:20:22.955086+00:00,2026-09-25T12:20:23.042091+00:00,2026-09-25T12:20:23.042091+00:00,87.005,True,ok
899,2026-09-25T10:51:18.611706+00:00,83,0,83,0,2026-09-25T12:20:24.011147+00:00,2026-09-25T12:20:24.123153+00:00,2026-09-25T12:20:24.123153+00:00,112.006,True,ok
902,2026-09-25T10:51:19.730908+00:00,83,0,83,0,2026-09-25T12:20:25.149212+00:00,2026-09-25T12:20:25.242217+00:00,2026-09-25T12:20:25.242217+00:00,93.00500000000001,True,ok
904,2026-09-25T10:51:20.517672+00:00,83,0,83,0,2026-09-25T12:20:25.898255+00:00,2026-09-25T12:20:26.009261+00:00,2026-09-25T12:20:26.009261+00:00,111.006,True,ok
907,2026-09-25T10:51:21.660646+00:00,83,0,83,0,2026-09-25T12:20:27.082322+00:00,2026-09-25T12:20:27.171328+00:00,2026-09-25T12:20:27.171328+00:00,89.006,True,ok
909,2026-09-25T10:51:22.379985+00:00,83,0,83,0,2026-09-25T12:20:27.794363+00:00,2026-09-25T12:20:27.891369+00:00,2026-09-25T12:20:27.891369+00:00,97.006,True,ok
912,2026-09-25T10:51:23.476073+00:00,83,0,83,0,2026-09-25T12:20:28.868425+00:00,2026-09-25T12:20:28.982431+00:00,2026-09-25T12:20:28.982431+00:00,114.006,True,ok
915,2026-09-25T10:51:24.732401+00:00,83,0,83,0,2026-09-25T12:20:30.101495+00:00,2026-09-25T12:20:30.243503+00:00,2026-09-25T12:20:30.243503+00:00,142.00799999999998,True,ok
917,2026-09-25T10:51:25.559492+00:00,83,0,83,0,2026-09-25T12:20:30.977545+00:00,2026-09-25T12:20:31.070551+00:00,2026-09-25T12:20:31.070551+00:00,93.006,True,ok
920,2026-09-25T10:51:26.770859+00:00,83,0,83,0,2026-09-25T12:20:32.191615+00:00,2026-09-25T12:20:32.281620+00:00,2026-09-25T12:20:32.281620+00:00,90.005,True,ok
922,2026-09-25T10:51:27.542963+00:00,83,0,83,0,2026-09-25T12:20:32.931657+00:00,2026-09-25T12:20:33.037663+00:00,2026-09-25T12:20:33.037663+00:00,106.006,True,ok
925,2026-09-25T10:51:28.650129+00:00,83,0,83,0,2026-09-25T12:20:34.042721+00:00,2026-09-25T12:20:34.157727+00:00,2026-09-25T12:20:34.157727+00:00,115.006,True,ok
927,2026-09-25T10:51:29.382301+00:00,83,0,83,0,2026-09-25T12:20:34.785763+00:00,2026-09-25T12:20:34.886769+00:00,2026-09-25T12:20:34.886769+00:00,101.006,True,ok
930,2026-09-25T10:51:30.522733+00:00,83,0,83,0,2026-09-25T12:20:35.944829+00:00,2026-09-25T12:20:36.032834+00:00,2026-09-25T12:20:36.032834+00:00,88.005,True,ok
932,2026-09-25T10:51:31.289802+00:00,83,0,83,0,2026-09-25T12:20:36.684872+00:00,2026-09-25T12:20:36.780877+00:00,2026-09-25T12:20:36.780877+00:00,96.005,True,ok
935,2026-09-25T10:51:32.564475+00:00,83,0,83,0,2026-09-25T12:20:37.980946+00:00,2026-09-25T12:20:38.074951+00:00,2026-09-25T12:20:38.074951+00:00,94.00500000000001,True,ok
937,2026-09-25T10:51:33.355915+00:00,83,0,83,0,2026-09-25T12:20:38.716988+00:00,2026-09-25T12:20:38.813993+00:00,2026-09-25T12:20:38.813993+00:00,97.005,True,ok
938,2026-09-25T10:51:33.785072+00:00,83,0,83,0,2026-09-25T12:20:39.121011+00:00,2026-09-25T12:20:39.215016+00:00,2026-09-25T12:20:39.215016+00:00,94.00500000000001,True,ok
940,2026-09-25T10:51:34.660528+00:00,83,0,83,0,2026-09-25T12:20:40.000061+00:00,2026-09-25T12:20:40.171071+00:00,2026-09-25T12:20:40.171071+00:00,171.01,True,ok
942,2026-09-25T10:51:35.410767+00:00,83,0,83,0,2026-09-25T12:20:40.835109+00:00,2026-09-25T12:20:40.921114+00:00,2026-09-25T12:20:40.921114+00:00,86.005,True,ok
946,2026-09-25T10:51:36.816102+00:00,83,0,83,0,2026-09-25T12:20:42.239189+00:00,2026-09-25T12:20:42.326194+00:00,2026-09-25T12:20:42.326194+00:00,87.005,True,ok
948,2026-09-25T10:51:37.557382+00:00,83,0,83,0,2026-09-25T12:20:42.960231+00:00,2026-09-25T12:20:43.066237+00:00,2026-09-25T12:20:43.066237+00:00,106.006,True,ok
951,2026-09-25T10:51:38.657951+00:00,83,0,83,0,2026-09-25T12:20:44.051293+00:00,2026-09-25T12:20:44.166300+00:00,2026-09-25T12:20:44.166300+00:00,115.007,True,ok
953,2026-09-25T10:51:39.432136+00:00,83,0,83,0,2026-09-25T12:20:44.852339+00:00,2026-09-25T12:20:44.942344+00:00,2026-09-25T12:20:44.942344+00:00,90.005,True,ok
956,2026-09-25T10:51:40.557276+00:00,83,0,83,0,2026-09-25T12:20:45.975403+00:00,2026-09-25T12:20:46.067408+00:00,2026-09-25T12:20:46.067408+00:00,92.00500000000001,True,ok
959,2026-09-25T10:51:41.682538+00:00,83,0,83,0,2026-09-25T12:20:47.101467+00:00,2026-09-25T12:20:47.192473+00:00,2026-09-25T12:20:47.192473+00:00,91.006,True,ok
961,2026-09-25T10:51:42.414197+00:00,83,0,83,0,2026-09-25T12:20:47.825509+00:00,2026-09-25T12:20:47.920514+00:00,2026-09-25T12:20:47.920514+00:00,95.00500000000001,True,ok
964,2026-09-25T10:51:43.663558+00:00,83,0,83,0,2026-09-25T12:20:49.048579+00:00,2026-09-25T12:20:49.173586+00:00,2026-09-25T12:20:49.173586+00:00,125.007,True,ok
966,2026-09-25T10:51:44.446016+00:00,83,0,83,0,2026-09-25T12:20:49.830624+00:00,2026-09-25T12:20:49.950630+00:00,2026-09-25T12:20:49.950630+00:00,120.006,True,ok
969,2026-09-25T10:51:45.702551+00:00,83,0,83,0,2026-09-25T12:20:51.121697+00:00,2026-09-25T12:20:51.210703+00:00,2026-09-25T12:20:51.210703+00:00,89.006,True,ok
972,2026-09-25T10:51:46.750407+00:00,83,0,83,0,2026-09-25T12:20:52.173758+00:00,2026-09-25T12:20:52.259763+00:00,2026-09-25T12:20:52.259763+00:00,86.005,True,ok
974,2026-09-25T10:51:47.485119+00:00,83,0,83,0,2026-09-25T12:20:52.906800+00:00,2026-09-25T12:20:52.994805+00:00,2026-09-25T12:20:52.994805+00:00,88.005,True,ok
977,2026-09-25T10:51:48.717416+00:00,83,0,83,0,2026-09-25T12:20:54.137870+00:00,2026-09-25T12:20:54.226875+00:00,2026-09-25T12:20:54.226875+00:00,89.005,True,ok
979,2026-09-25T10:51:49.512864+00:00,83,0,83,0,2026-09-25T12:20:54.847911+00:00,2026-09-25T12:20:54.936916+00:00,2026-09-25T12:20:54.936916+00:00,89.005,True,ok
981,2026-09-25T10:51:50.351031+00:00,83,0,83,0,2026-09-25T12:20:55.680958+00:00,2026-09-25T12:20:55.769963+00:00,2026-09-25T12:20:55.769963+00:00,89.005,True,ok
982,2026-09-25T10:51:50.722796+00:00,83,0,83,0,2026-09-25T12:20:56.114983+00:00,2026-09-25T12:20:56.226989+00:00,2026-09-25T12:20:56.226989+00:00,112.006,True,ok
984,2026-09-25T10:51:51.535544+00:00,83,0,83,0,2026-09-25T12:20:56.904028+00:00,2026-09-25T12:20:57.012034+00:00,2026-09-25T12:20:57.012034+00:00,108.006,True,ok
987,2026-09-25T10:51:52.716530+00:00,83,0,83,0,2026-09-25T12:20:58.137099+00:00,2026-09-25T12:20:58.226104+00:00,2026-09-25T12:20:58.226104+00:00,89.005,True,ok
989,2026-09-25T10:51:53.429146+00:00,83,0,83,0,2026-09-25T12:20:58.844139+00:00,2026-09-25T12:20:58.938144+00:00,2026-09-25T12:20:58.938144+00:00,94.00500000000001,True,ok
992,2026-09-25T10:51:54.557624+00:00,83,0,83,0,2026-09-25T12:20:59.960203+00:00,2026-09-25T12:21:00.060209+00:00,2026-09-25T12:21:00.060209+00:00,100.006,True,ok
995,2026-09-25T10:51:55.723977+00:00,83,0,83,0,2026-09-25T12:21:01.145271+00:00,2026-09-25T12:21:01.233276+00:00,2026-09-25T12:21:01.233276+00:00,88.005,True,ok
997,2026-09-25T10:51:56.464950+00:00,83,0,83,0,2026-09-25T12:21:01.888313+00:00,2026-09-25T12:21:01.974318+00:00,2026-09-25T12:21:01.974318+00:00,86.005,True,ok
1000,2026-09-25T10:51:57.713325+00:00,83,0,83,0,2026-09-25T12:21:03.126384+00:00,2026-09-25T12:21:03.222390+00:00,2026-09-25T12:21:03.222390+00:00,96.006,True,ok
1003,2026-09-25T10:51:58.829806+00:00,83,0,83,0,2026-09-25T12:21:04.251448+00:00,2026-09-25T12:21:04.338453+00:00,2026-09-25T12:21:04.338453+00:00,87.005,True,ok
1005,2026-09-25T10:51:59.569233+00:00,83,0,83,0,2026-09-25T12:21:04.990491+00:00,2026-09-25T12:21:05.078496+00:00,2026-09-25T12:21:05.078496+00:00,88.005,True,ok
1008,2026-09-25T10:52:00.697866+00:00,83,0,83,0,2026-09-25T12:21:06.114555+00:00,2026-09-25T12:21:06.206560+00:00,2026-09-25T12:21:06.206560+00:00,92.00500000000001,True,ok
1010,2026-09-25T10:52:01.418929+00:00,83,0,83,0,2026-09-25T12:21:06.818595+00:00,2026-09-25T12:21:06.918601+00:00,2026-09-25T12:21:06.918601+00:00,100.006,True,ok
1013,2026-09-25T10:52:02.507777+00:00,83,0,83,0,2026-09-25T12:21:07.924658+00:00,2026-09-25T12:21:08.016664+00:00,2026-09-25T12:21:08.016664+00:00,92.006,True,ok
