snapshot_id,timestamp,source_timestamp_reference,sync_spread_ms,ms.turntable.transfer.source_ts,ms.turntable.transfer.server_ts,ms.turntable.conveyor.source_ts,ms.turntable.conveyor.server_ts,ms.sensor.conveyor.source_ts,ms.sensor.conveyor.server_ts,ms.turntable.saw.source_ts,ms.turntable.saw.server_ts,ms.transfer.turntable.source_ts,ms.transfer.turntable.server_ts,ms.oven.slider_inside.source_ts,ms.oven.slider_inside.server_ts,ms.oven.slider_outside.source_ts,ms.oven.slider_outside.server_ts,ms.transfer.oven.source_ts,ms.transfer.oven.server_ts,ms.sensor.oven.source_ts,ms.sensor.oven.server_ts,ms.motor.turntable_cw.source_ts,ms.motor.turntable_cw.server_ts,ms.motor.turntable_ccw.source_ts,ms.motor.turntable_ccw.server_ts,ms.motor.conveyor.source_ts,ms.motor.conveyor.server_ts,ms.motor.saw.source_ts,ms.motor.saw.server_ts,ms.motor.slider_in.source_ts,ms.motor.slider_in.server_ts,ms.motor.slider_out.source_ts,ms.motor.slider_out.server_ts,ms.motor.transfer_oven.source_ts,ms.motor.transfer_oven.server_ts,ms.motor.transfer_turntable.source_ts,ms.motor.transfer_turntable.server_ts,ms.process.burn.source_ts,ms.process.burn.server_ts,ms.air.compressor.source_ts,ms.air.compressor.server_ts,ms.valve.vacuum.source_ts,ms.valve.vacuum.server_ts,ms.valve.transfer.source_ts,ms.valve.transfer.server_ts,ms.valve.oven_door.source_ts,ms.valve.oven_door.server_ts,ms.valve.ejector.source_ts,ms.valve.ejector.server_ts,hbw.ref.horizontal.source_ts,hbw.ref.horizontal.server_ts,hbw.sensor.inside.source_ts,hbw.sensor.inside.server_ts,hbw.sensor.outside.source_ts,hbw.sensor.outside.server_ts,hbw.ref.vertical.source_ts,hbw.ref.vertical.server_ts,hbw.ref.cantilever_front.source_ts,hbw.ref.cantilever_front.server_ts,hbw.ref.cantilever_back.source_ts,hbw.ref.cantilever_back.server_ts,hbw.sensor.trail_bottom.source_ts,hbw.sensor.trail_bottom.server_ts,hbw.sensor.trail_top.source_ts,hbw.sensor.trail_top.server_ts,hbw.motor.conveyor_forward.source_ts,hbw.motor.conveyor_forward.server_ts,hbw.motor.conveyor_backward.source_ts,hbw.motor.conveyor_backward.server_ts,hbw.motor.crane_rack.source_ts,hbw.motor.crane_rack.server_ts,hbw.motor.crane_conveyor.source_ts,hbw.motor.crane_conveyor.server_ts,hbw.motor.crane_down.source_ts,hbw.motor.crane_down.server_ts,hbw.motor.crane_up.source_ts,hbw.motor.crane_up.server_ts,hbw.motor.cantilever_forward.source_ts,hbw.motor.cantilever_forward.server_ts,hbw.motor.cantilever_backward.source_ts,hbw.motor.cantilever_backward.server_ts,hbw.encoder.horizontal1.source_ts,hbw.encoder.horizontal1.server_ts,hbw.encoder.horizontal2.source_ts,hbw.encoder.horizontal2.server_ts,hbw.encoder.vertical1.source_ts,hbw.encoder.vertical1.server_ts,hbw.encoder.vertical2.source_ts,hbw.encoder.vertical2.server_ts,c.ref.vertical.source_ts,c.ref.vertical.server_ts,c.ref.horizontal.source_ts,c.ref.horizontal.server_ts,c.ref.rotate.source_ts,c.ref.rotate.server_ts,c.motor.up.source_ts,c.motor.up.server_ts,c.motor.down.source_ts,c.motor.down.server_ts,c.motor.backward.source_ts,c.motor.backward.server_ts,c.motor.forward.source_ts,c.motor.forward.server_ts,c.motor.cw.source_ts,c.motor.cw.server_ts,c.motor.ccw.source_ts,c.motor.ccw.server_ts,c.air.compressor.source_ts,c.air.compressor.server_ts,c.valve.vacuum.source_ts,c.valve.vacuum.server_ts,c.encoder.vertical1.source_ts,c.encoder.vertical1.server_ts,c.encoder.vertical2.source_ts,c.encoder.vertical2.server_ts,c.encoder.horizontal1.source_ts,c.encoder.horizontal1.server_ts,c.encoder.horizontal2.source_ts,c.encoder.horizontal2.server_ts,c.encoder.rotate1.source_ts,c.encoder.rotate1.server_ts,c.encoder.rotate2.source_ts,c.encoder.rotate2.server_ts,pm.sensor.entry.source_ts,pm.sensor.entry.server_ts,pm.sensor.tool.source_ts,pm.sensor.tool.server_ts,pm.ref.top.source_ts,pm.ref.top.server_ts,pm.ref.bottom.source_ts,pm.ref.bottom.server_ts,pm.motor.conveyor_forward.source_ts,pm.motor.conveyor_forward.server_ts,pm.motor.conveyor_backward.source_ts,pm.motor.conveyor_backward.server_ts,pm.motor.tool_up.source_ts,pm.motor.tool_up.server_ts,pm.motor.tool_down.source_ts,pm.motor.tool_down.server_ts,sl.sensor.pulse.source_ts,sl.sensor.pulse.server_ts,sl.sensor.before_color.source_ts,sl.sensor.before_color.server_ts,sl.sensor.after_color.source_ts,sl.sensor.after_color.server_ts,sl.sensor.white.source_ts,sl.sensor.white.server_ts,sl.sensor.red.source_ts,sl.sensor.red.server_ts,sl.sensor.blue.source_ts,sl.sensor.blue.server_ts,sl.motor.conveyor.source_ts,sl.motor.conveyor.server_ts,sl.air.compressor.source_ts,sl.air.compressor.server_ts,sl.valve.white.source_ts,sl.valve.white.server_ts,sl.valve.red.source_ts,sl.valve.red.server_ts,sl.valve.blue.source_ts,sl.valve.blue.server_ts,sl.sensor.color_value.source_ts,sl.sensor.color_value.server_ts,local.crane_coord_h.source_ts,local.crane_coord_h.server_ts,local.crane_coord_v.source_ts,local.crane_coord_v.server_ts,local.crane_coord_r.source_ts,local.crane_coord_r.server_ts
2,2026-09-25T11:02:22.427334+00:00,2026-09-25T12:31:27.902119+00:00,88.005,2026-09-25T12:31:27.814114+00:00,,2026-09-25T12:31:27.819114+00:00,,2026-09-25T12:31:27.820114+00:00,,2026-09-25T12:31:27.821115+00:00,,2026-09-25T12:31:27.822115+00:00,,2026-09-25T12:31:27.823115+00:00,,2026-09-25T12:31:27.824115+00:00,,2026-09-25T12:31:27.825115+00:00,,2026-09-25T12:31:27.826115+00:00,,2026-09-25T12:31:27.827115+00:00,,2026-09-25T12:31:27.828115+00:00,,2026-09-25T12:31:27.840116+00:00,,2026-09-25T12:31:27.841116+00:00,,2026-09-25T12:31:27.842116+00:00,,2026-09-25T12:31:27.854116+00:00,,2026-09-25T12:31:27.844116+00:00,,2026-09-25T12:31:27.845116+00:00,,2026-09-25T12:31:27.835115+00:00,,2026-09-25T12:31:27.836115+00:00,,2026-09-25T12:31:27.837115+00:00,,2026-09-25T12:31:27.838116+00:00,,2026-09-25T12:31:27.839116+00:00,,2026-09-25T12:31:27.829115+00:00,,2026-09-25T12:31:27.830115+00:00,,2026-09-25T12:31:27.831115+00:00,,2026-09-25T12:31:27.832115+00:00,,2026-09-25T12:31:27.833115+00:00,,2026-09-25T12:31:27.834115+00:00,,2026-09-25T12:31:27.846116+00:00,,2026-09-25T12:31:27.847116+00:00,,2026-09-25T12:31:27.848116+00:00,,2026-09-25T12:31:27.849116+00:00,,2026-09-25T12:31:27.850116+00:00,,2026-09-25T12:31:27.851116+00:00,,2026-09-25T12:31:27.852116+00:00,,2026-09-25T12:31:27.853116+00:00,,2026-09-25T12:31:27.866117+00:00,,2026-09-25T12:31:27.856117+00:00,,2026-09-25T12:31:27.857117+00:00,,2026-09-25T12:31:27.858117+00:00,,2026-09-25T12:31:27.859117+00:00,,2026-09-25T12:31:27.860117+00:00,,2026-09-25T12:31:27.861117+00:00,,2026-09-25T12:31:27.862117+00:00,,2026-09-25T12:31:27.863117+00:00,,2026-09-25T12:31:27.864117+00:00,,2026-09-25T12:31:27.865117+00:00,,2026-09-25T12:31:27.855116+00:00,,2026-09-25T12:31:27.867117+00:00,,2026-09-25T12:31:27.868117+00:00,,2026-09-25T12:31:27.869117+00:00,,2026-09-25T12:31:27.870117+00:00,,2026-09-25T12:31:27.871117+00:00,,2026-09-25T12:31:27.872117+00:00,,2026-09-25T12:31:27.873118+00:00,,2026-09-25T12:31:27.874118+00:00,,2026-09-25T12:31:27.875118+00:00,,2026-09-25T12:31:27.887118+00:00,,2026-09-25T12:31:27.877118+00:00,,2026-09-25T12:31:27.878118+00:00,,2026-09-25T12:31:27.879118+00:00,,2026-09-25T12:31:27.880118+00:00,,2026-09-25T12:31:27.881118+00:00,,2026-09-25T12:31:27.882118+00:00,,2026-09-25T12:31:27.883118+00:00,,2026-09-25T12:31:27.884118+00:00,,2026-09-25T12:31:27.885118+00:00,,2026-09-25T12:31:27.886118+00:00,,2026-09-25T12:31:27.876118+00:00,,2026-09-25T12:31:27.888118+00:00,,2026-09-25T12:31:27.889118+00:00,,2026-09-25T12:31:27.890118+00:00,,2026-09-25T12:31:27.891119+00:00,,2026-09-25T12:31:27.892119+00:00,,2026-09-25T12:31:27.902119+00:00,,2026-09-25T12:31:27.894119+00:00,,2026-09-25T12:31:27.895119+00:00,,2026-09-25T12:31:27.896119+00:00,,2026-09-25T12:31:27.897119+00:00,,2026-09-25T12:31:27.898119+00:00,,2026-09-25T12:31:27.899119+00:00,,2026-09-25T12:31:27.900119+00:00,,2026-09-25T12:31:27.901119+00:00,
5,2026-09-25T11:02:23.471421+00:00,2026-09-25T12:31:28.946179+00:00,88.005,2026-09-25T12:31:28.858174+00:00,,2026-09-25T12:31:28.863174+00:00,,2026-09-25T12:31:28.864174+00:00,,2026-09-25T12:31:28.865174+00:00,,2026-09-25T12:31:28.866174+00:00,,2026-09-25T12:31:28.867174+00:00,,2026-09-25T12:31:28.868174+00:00,,2026-09-25T12:31:28.880175+00:00,,2026-09-25T12:31:28.870175+00:00,,2026-09-25T12:31:28.871175+00:00,,2026-09-25T12:31:28.872175+00:00,,2026-09-25T12:31:28.873175+00:00,,2026-09-25T12:31:28.874175+00:00,,2026-09-25T12:31:28.886175+00:00,,2026-09-25T12:31:28.876175+00:00,,2026-09-25T12:31:28.877175+00:00,,2026-09-25T12:31:28.878175+00:00,,2026-09-25T12:31:28.879175+00:00,,2026-09-25T12:31:28.869174+00:00,,2026-09-25T12:31:28.881175+00:00,,2026-09-25T12:31:28.882175+00:00,,2026-09-25T12:31:28.883175+00:00,,2026-09-25T12:31:28.884175+00:00,,2026-09-25T12:31:28.885175+00:00,,2026-09-25T12:31:28.875175+00:00,,2026-09-25T12:31:28.887176+00:00,,2026-09-25T12:31:28.888176+00:00,,2026-09-25T12:31:28.889176+00:00,,2026-09-25T12:31:28.901176+00:00,,2026-09-25T12:31:28.891176+00:00,,2026-09-25T12:31:28.903176+00:00,,2026-09-25T12:31:28.893176+00:00,,2026-09-25T12:31:28.894176+00:00,,2026-09-25T12:31:28.895176+00:00,,2026-09-25T12:31:28.896176+00:00,,2026-09-25T12:31:28.897176+00:00,,2026-09-25T12:31:28.898176+00:00,,2026-09-25T12:31:28.899176+00:00,,2026-09-25T12:31:28.900176+00:00,,2026-09-25T12:31:28.890176+00:00,,2026-09-25T12:31:28.902176+00:00,,2026-09-25T12:31:28.904176+00:00,,2026-09-25T12:31:28.916177+00:00,,2026-09-25T12:31:28.906177+00:00,,2026-09-25T12:31:28.907177+00:00,,2026-09-25T12:31:28.908177+00:00,,2026-09-25T12:31:28.909177+00:00,,2026-09-25T12:31:28.910177+00:00,,2026-09-25T12:31:28.911177+00:00,,2026-09-25T12:31:28.912177+00:00,,2026-09-25T12:31:28.913177+00:00,,2026-09-25T12:31:28.914177+00:00,,2026-09-25T12:31:28.915177+00:00,,2026-09-25T12:31:28.905177+00:00,,2026-09-25T12:31:28.917177+00:00,,2026-09-25T12:31:28.918177+00:00,,2026-09-25T12:31:28.919177+00:00,,2026-09-25T12:31:28.920177+00:00,,2026-09-25T12:31:28.932178+00:00,,2026-09-25T12:31:28.922178+00:00,,2026-09-25T12:31:28.923178+00:00,,2026-09-25T12:31:28.924178+00:00,,2026-09-25T12:31:28.925178+00:00,,2026-09-25T12:31:28.926178+00:00,,2026-09-25T12:31:28.927178+00:00,,2026-09-25T12:31:28.928178+00:00,,2026-09-25T12:31:28.929178+00:00,,2026-09-25T12:31:28.930178+00:00,,2026-09-25T12:31:28.931178+00:00,,2026-09-25T12:31:28.921177+00:00,,2026-09-25T12:31:28.933178+00:00,,2026-09-25T12:31:28.934178+00:00,,2026-09-25T12:31:28.935178+00:00,,2026-09-25T12:31:28.936178+00:00,,2026-09-25T12:31:28.937178+00:00,,2026-09-25T12:31:28.938178+00:00,,2026-09-25T12:31:28.939178+00:00,,2026-09-25T12:31:28.940179+00:00,,2026-09-25T12:31:28.941179+00:00,,2026-09-25T12:31:28.946179+00:00,,2026-09-25T12:31:28.943179+00:00,,2026-09-25T12:31:28.944179+00:00,,2026-09-25T12:31:28.945179+00:00,
6,2026-09-25T11:02:23.824497+00:00,2026-09-25T12:31:29.291199+00:00,91.006,2026-09-25T12:31:29.200193+00:00,,2026-09-25T12:31:29.209194+00:00,,2026-09-25T12:31:29.210194+00:00,,2026-09-25T12:31:29.211194+00:00,,2026-09-25T12:31:29.212194+00:00,,2026-09-25T12:31:29.213194+00:00,,2026-09-25T12:31:29.214194+00:00,,2026-09-25T12:31:29.215194+00:00,,2026-09-25T12:31:29.216194+00:00,,2026-09-25T12:31:29.217194+00:00,,2026-09-25T12:31:29.218194+00:00,,2026-09-25T12:31:29.219195+00:00,,2026-09-25T12:31:29.220195+00:00,,2026-09-25T12:31:29.221195+00:00,,2026-09-25T12:31:29.222195+00:00,,2026-09-25T12:31:29.223195+00:00,,2026-09-25T12:31:29.224195+00:00,,2026-09-25T12:31:29.225195+00:00,,2026-09-25T12:31:29.226195+00:00,,2026-09-25T12:31:29.227195+00:00,,2026-09-25T12:31:29.228195+00:00,,2026-09-25T12:31:29.229195+00:00,,2026-09-25T12:31:29.230195+00:00,,2026-09-25T12:31:29.231195+00:00,,2026-09-25T12:31:29.232195+00:00,,2026-09-25T12:31:29.233195+00:00,,2026-09-25T12:31:29.234195+00:00,,2026-09-25T12:31:29.235195+00:00,,2026-09-25T12:31:29.236195+00:00,,2026-09-25T12:31:29.237196+00:00,,2026-09-25T12:31:29.238196+00:00,,2026-09-25T12:31:29.239196+00:00,,2026-09-25T12:31:29.251196+00:00,,2026-09-25T12:31:29.241196+00:00,,2026-09-25T12:31:29.253196+00:00,,2026-09-25T12:31:29.243196+00:00,,2026-09-25T12:31:29.244196+00:00,,2026-09-25T12:31:29.245196+00:00,,2026-09-25T12:31:29.246196+00:00,,2026-09-25T12:31:29.247196+00:00,,2026-09-25T12:31:29.248196+00:00,,2026-09-25T12:31:29.260197+00:00,,2026-09-25T12:31:29.250196+00:00,,2026-09-25T12:31:29.240196+00:00,,2026-09-25T12:31:29.252196+00:00,,2026-09-25T12:31:29.254197+00:00,,2026-09-25T12:31:29.255197+00:00,,2026-09-25T12:31:29.256197+00:00,,2026-09-25T12:31:29.268197+00:00,,2026-09-25T12:31:29.269197+00:00,,2026-09-25T12:31:29.259197+00:00,,2026-09-25T12:31:29.249196+00:00,,2026-09-25T12:31:29.261197+00:00,,2026-09-25T12:31:29.262197+00:00,,2026-09-25T12:31:29.263197+00:00,,2026-09-25T12:31:29.275198+00:00,,2026-09-25T12:31:29.265197+00:00,,2026-09-25T12:31:29.266197+00:00,,2026-09-25T12:31:29.267197+00:00,,2026-09-25T12:31:29.257197+00:00,,2026-09-25T12:31:29.258197+00:00,,2026-09-25T12:31:29.270197+00:00,,2026-09-25T12:31:29.271197+00:00,,2026-09-25T12:31:29.272198+00:00,,2026-09-25T12:31:29.273198+00:00,,2026-09-25T12:31:29.274198+00:00,,2026-09-25T12:31:29.264197+00:00,,2026-09-25T12:31:29.276198+00:00,,2026-09-25T12:31:29.277198+00:00,,2026-09-25T12:31:29.278198+00:00,,2026-09-25T12:31:29.290199+00:00,,2026-09-25T12:31:29.280198+00:00,,2026-09-25T12:31:29.281198+00:00,,2026-09-25T12:31:29.282198+00:00,,2026-09-25T12:31:29.283198+00:00,,2026-09-25T12:31:29.284198+00:00,,2026-09-25T12:31:29.285198+00:00,,2026-09-25T12:31:29.286198+00:00,,2026-09-25T12:31:29.287198+00:00,,2026-09-25T12:31:29.288198+00:00,,2026-09-25T12:31:29.289199+00:00,,2026-09-25T12:31:29.279198+00:00,,2026-09-25T12:31:29.291199+00:00,
7,2026-09-25T11:02:24.250629+00:00,2026-09-25T12:31:29.716223+00:00,90.005,2026-09-25T12:31:29.626218+00:00,,2026-09-25T12:31:29.632218+00:00,,2026-09-25T12:31:29.633218+00:00,,2026-09-25T12:31:29.634218+00:00,,2026-09-25T12:31:29.635218+00:00,,2026-09-25T12:31:29.636218+00:00,,2026-09-25T12:31:29.637218+00:00,,2026-09-25T12:31:29.649219+00:00,,2026-09-25T12:31:29.639219+00:00,,2026-09-25T12:31:29.640219+00:00,,2026-09-25T12:31:29.641219+00:00,,2026-09-25T12:31:29.654219+00:00,,2026-09-25T12:31:29.643219+00:00,,2026-09-25T12:31:29.644219+00:00,,2026-09-25T12:31:29.645219+00:00,,2026-09-25T12:31:29.646219+00:00,,2026-09-25T12:31:29.647219+00:00,,2026-09-25T12:31:29.648219+00:00,,2026-09-25T12:31:29.638218+00:00,,2026-09-25T12:31:29.650219+00:00,,2026-09-25T12:31:29.651219+00:00,,2026-09-25T12:31:29.652219+00:00,,2026-09-25T12:31:29.642219+00:00,,2026-09-25T12:31:29.655219+00:00,,2026-09-25T12:31:29.656220+00:00,,2026-09-25T12:31:29.657220+00:00,,2026-09-25T12:31:29.658220+00:00,,2026-09-25T12:31:29.659220+00:00,,2026-09-25T12:31:29.660220+00:00,,2026-09-25T12:31:29.661220+00:00,,2026-09-25T12:31:29.662220+00:00,,2026-09-25T12:31:29.663220+00:00,,2026-09-25T12:31:29.664220+00:00,,2026-09-25T12:31:29.665220+00:00,,2026-09-25T12:31:29.666220+00:00,,2026-09-25T12:31:29.667220+00:00,,2026-09-25T12:31:29.668220+00:00,,2026-09-25T12:31:29.669220+00:00,,2026-09-25T12:31:29.670220+00:00,,2026-09-25T12:31:29.671220+00:00,,2026-09-25T12:31:29.672220+00:00,,2026-09-25T12:31:29.673220+00:00,,2026-09-25T12:31:29.674221+00:00,,2026-09-25T12:31:29.675221+00:00,,2026-09-25T12:31:29.676221+00:00,,2026-09-25T12:31:29.677221+00:00,,2026-09-25T12:31:29.678221+00:00,,2026-09-25T12:31:29.679221+00:00,,2026-09-25T12:31:29.680221+00:00,,2026-09-25T12:31:29.681221+00:00,,2026-09-25T12:31:29.682221+00:00,,2026-09-25T12:31:29.683221+00:00,,2026-09-25T12:31:29.684221+00:00,,2026-09-25T12:31:29.697222+00:00,,2026-09-25T12:31:29.687221+00:00,,2026-09-25T12:31:29.688221+00:00,,2026-09-25T12:31:29.689221+00:00,,2026-09-25T12:31:29.712223+00:00,,2026-09-25T12:31:29.691222+00:00,,2026-09-25T12:31:29.703222+00:00,,2026-09-25T12:31:29.693222+00:00,,2026-09-25T12:31:29.694222+00:00,,2026-09-25T12:31:29.695222+00:00,,2026-09-25T12:31:29.696222+00:00,,2026-09-25T12:31:29.686221+00:00,,2026-09-25T12:31:29.698222+00:00,,2026-09-25T12:31:29.699222+00:00,,2026-09-25T12:31:29.700222+00:00,,2026-09-25T12:31:29.690221+00:00,,2026-09-25T12:31:29.702222+00:00,,2026-09-25T12:31:29.704222+00:00,,2026-09-25T12:31:29.705222+00:00,,2026-09-25T12:31:29.706222+00:00,,2026-09-25T12:31:29.707222+00:00,,2026-09-25T12:31:29.708222+00:00,,2026-09-25T12:31:29.709223+00:00,,2026-09-25T12:31:29.710223+00:00,,2026-09-25T12:31:29.711223+00:00,,2026-09-25T12:31:29.701222+00:00,,2026-09-25T12:31:29.713223+00:00,,2026-09-25T12:31:29.714223+00:00,,2026-09-25T12:31:29.715223+00:00,,2026-09-25T12:31:29.716223+00:00,
10,2026-09-25T11:02:25.395476+00:00,2026-09-25T12:31:30.869289+00:00,90.005,2026-09-25T12:31:30.779284+00:00,,2026-09-25T12:31:30.786284+00:00,,2026-09-25T12:31:30.787284+00:00,,2026-09-25T12:31:30.799285+00:00,,2026-09-25T12:31:30.789284+00:00,,2026-09-25T12:31:30.790284+00:00,,2026-09-25T12:31:30.791284+00:00,,2026-09-25T12:31:30.792284+00:00,,2026-09-25T12:31:30.793285+00:00,,2026-09-25T12:31:30.794285+00:00,,2026-09-25T12:31:30.795285+00:00,,2026-09-25T12:31:30.796285+00:00,,2026-09-25T12:31:30.797285+00:00,,2026-09-25T12:31:30.798285+00:00,,2026-09-25T12:31:30.788284+00:00,,2026-09-25T12:31:30.800285+00:00,,2026-09-25T12:31:30.801285+00:00,,2026-09-25T12:31:30.803285+00:00,,2026-09-25T12:31:30.804285+00:00,,2026-09-25T12:31:30.805285+00:00,,2026-09-25T12:31:30.806285+00:00,,2026-09-25T12:31:30.807285+00:00,,2026-09-25T12:31:30.819286+00:00,,2026-09-25T12:31:30.809285+00:00,,2026-09-25T12:31:30.810286+00:00,,2026-09-25T12:31:30.811286+00:00,,2026-09-25T12:31:30.812286+00:00,,2026-09-25T12:31:30.813286+00:00,,2026-09-25T12:31:30.814286+00:00,,2026-09-25T12:31:30.815286+00:00,,2026-09-25T12:31:30.816286+00:00,,2026-09-25T12:31:30.817286+00:00,,2026-09-25T12:31:30.818286+00:00,,2026-09-25T12:31:30.808285+00:00,,2026-09-25T12:31:30.820286+00:00,,2026-09-25T12:31:30.821286+00:00,,2026-09-25T12:31:30.822286+00:00,,2026-09-25T12:31:30.823286+00:00,,2026-09-25T12:31:30.824286+00:00,,2026-09-25T12:31:30.825286+00:00,,2026-09-25T12:31:30.837287+00:00,,2026-09-25T12:31:30.827286+00:00,,2026-09-25T12:31:30.828287+00:00,,2026-09-25T12:31:30.840287+00:00,,2026-09-25T12:31:30.830287+00:00,,2026-09-25T12:31:30.831287+00:00,,2026-09-25T12:31:30.832287+00:00,,2026-09-25T12:31:30.833287+00:00,,2026-09-25T12:31:30.834287+00:00,,2026-09-25T12:31:30.835287+00:00,,2026-09-25T12:31:30.836287+00:00,,2026-09-25T12:31:30.826286+00:00,,2026-09-25T12:31:30.838287+00:00,,2026-09-25T12:31:30.850288+00:00,,2026-09-25T12:31:30.829287+00:00,,2026-09-25T12:31:30.853288+00:00,,2026-09-25T12:31:30.842287+00:00,,2026-09-25T12:31:30.843287+00:00,,2026-09-25T12:31:30.844287+00:00,,2026-09-25T12:31:30.845288+00:00,,2026-09-25T12:31:30.846288+00:00,,2026-09-25T12:31:30.847288+00:00,,2026-09-25T12:31:30.848288+00:00,,2026-09-25T12:31:30.849288+00:00,,2026-09-25T12:31:30.839287+00:00,,2026-09-25T12:31:30.851288+00:00,,2026-09-25T12:31:30.852288+00:00,,2026-09-25T12:31:30.854288+00:00,,2026-09-25T12:31:30.866289+00:00,,2026-09-25T12:31:30.856288+00:00,,2026-09-25T12:31:30.857288+00:00,,2026-09-25T12:31:30.869289+00:00,,2026-09-25T12:31:30.859288+00:00,,2026-09-25T12:31:30.860288+00:00,,2026-09-25T12:31:30.861288+00:00,,2026-09-25T12:31:30.862288+00:00,,2026-09-25T12:31:30.863289+00:00,,2026-09-25T12:31:30.864289+00:00,,2026-09-25T12:31:30.865289+00:00,,2026-09-25T12:31:30.855288+00:00,,2026-09-25T12:31:30.867289+00:00,,2026-09-25T12:31:30.868289+00:00,,2026-09-25T12:31:30.858288+00:00,
12,2026-09-25T11:02:26.252162+00:00,2026-09-25T12:31:31.726338+00:00,98.006,2026-09-25T12:31:31.628332+00:00,,2026-09-25T12:31:31.636333+00:00,,2026-09-25T12:31:31.638333+00:00,,2026-09-25T12:31:31.639333+00:00,,2026-09-25T12:31:31.641333+00:00,,2026-09-25T12:31:31.642333+00:00,,2026-09-25T12:31:31.643333+00:00,,2026-09-25T12:31:31.644333+00:00,,2026-09-25T12:31:31.645333+00:00,,2026-09-25T12:31:31.646333+00:00,,2026-09-25T12:31:31.647333+00:00,,2026-09-25T12:31:31.648333+00:00,,2026-09-25T12:31:31.649334+00:00,,2026-09-25T12:31:31.650334+00:00,,2026-09-25T12:31:31.651334+00:00,,2026-09-25T12:31:31.653334+00:00,,2026-09-25T12:31:31.654334+00:00,,2026-09-25T12:31:31.655334+00:00,,2026-09-25T12:31:31.668335+00:00,,2026-09-25T12:31:31.658334+00:00,,2026-09-25T12:31:31.659334+00:00,,2026-09-25T12:31:31.660334+00:00,,2026-09-25T12:31:31.661334+00:00,,2026-09-25T12:31:31.662334+00:00,,2026-09-25T12:31:31.663334+00:00,,2026-09-25T12:31:31.664334+00:00,,2026-09-25T12:31:31.665334+00:00,,2026-09-25T12:31:31.666334+00:00,,2026-09-25T12:31:31.667335+00:00,,2026-09-25T12:31:31.657334+00:00,,2026-09-25T12:31:31.669335+00:00,,2026-09-25T12:31:31.670335+00:00,,2026-09-25T12:31:31.671335+00:00,,2026-09-25T12:31:31.673335+00:00,,2026-09-25T12:31:31.674335+00:00,,2026-09-25T12:31:31.675335+00:00,,2026-09-25T12:31:31.676335+00:00,,2026-09-25T12:31:31.677335+00:00,,2026-09-25T12:31:31.678335+00:00,,2026-09-25T12:31:31.679335+00:00,,2026-09-25T12:31:31.680335+00:00,,2026-09-25T12:31:31.681335+00:00,,2026-09-25T12:31:31.682335+00:00,,2026-09-25T12:31:31.683335+00:00,,2026-09-25T12:31:31.685336+00:00,,2026-09-25T12:31:31.686336+00:00,,2026-09-25T12:31:31.687336+00:00,,2026-09-25T12:31:31.688336+00:00,,2026-09-25T12:31:31.689336+00:00,,2026-09-25T12:31:31.690336+00:00,,2026-09-25T12:31:31.691336+00:00,,2026-09-25T12:31:31.692336+00:00,,2026-09-25T12:31:31.693336+00:00,,2026-09-25T12:31:31.694336+00:00,,2026-09-25T12:31:31.695336+00:00,,2026-09-25T12:31:31.696336+00:00,,2026-09-25T12:31:31.697336+00:00,,2026-09-25T12:31:31.698336+00:00,,2026-09-25T12:31:31.712337+00:00,,2026-09-25T12:31:31.701336+00:00,,2026-09-25T12:31:31.703337+00:00,,2026-09-25T12:31:31.704337+00:00,,2026-09-25T12:31:31.705337+00:00,,2026-09-25T12:31:31.706337+00:00,,2026-09-25T12:31:31.707337+00:00,,2026-09-25T12:31:31.708337+00:00,,2026-09-25T12:31:31.709337+00:00,,2026-09-25T12:31:31.710337+00:00,,2026-09-25T12:31:31.711337+00:00,,2026-09-25T12:31:31.700336+00:00,,2026-09-25T12:31:31.725338+00:00,,2026-09-25T12:31:31.715337+00:00,,2026-09-25T12:31:31.716337+00:00,,2026-09-25T12:31:31.717337+00:00,,2026-09-25T12:31:31.718337+00:00,,2026-09-25T12:31:31.719338+00:00,,2026-09-25T12:31:31.720338+00:00,,2026-09-25T12:31:31.721338+00:00,,2026-09-25T12:31:31.722338+00:00,,2026-09-25T12:31:31.723338+00:00,,2026-09-25T12:31:31.724338+00:00,,2026-09-25T12:31:31.714337+00:00,,2026-09-25T12:31:31.726338+00:00,
14,2026-09-25T11:02:27.190285+00:00,2026-09-25T12:31:32.558385+00:00,177.01,2026-09-25T12:31:32.381375+00:00,,2026-09-25T12:31:32.393376+00:00,,2026-09-25T12:31:32.395376+00:00,,2026-09-25T12:31:32.397376+00:00,,2026-09-25T12:31:32.399376+00:00,,2026-09-25T12:31:32.401377+00:00,,2026-09-25T12:31:32.403377+00:00,,2026-09-25T12:31:32.405377+00:00,,2026-09-25T12:31:32.407377+00:00,,2026-09-25T12:31:32.409377+00:00,,2026-09-25T12:31:32.411377+00:00,,2026-09-25T12:31:32.413377+00:00,,2026-09-25T12:31:32.415377+00:00,,2026-09-25T12:31:32.417377+00:00,,2026-09-25T12:31:32.419378+00:00,,2026-09-25T12:31:32.421378+00:00,,2026-09-25T12:31:32.422378+00:00,,2026-09-25T12:31:32.424378+00:00,,2026-09-25T12:31:32.426378+00:00,,2026-09-25T12:31:32.428378+00:00,,2026-09-25T12:31:32.430378+00:00,,2026-09-25T12:31:32.432378+00:00,,2026-09-25T12:31:32.434378+00:00,,2026-09-25T12:31:32.436379+00:00,,2026-09-25T12:31:32.438379+00:00,,2026-09-25T12:31:32.440379+00:00,,2026-09-25T12:31:32.442379+00:00,,2026-09-25T12:31:32.444379+00:00,,2026-09-25T12:31:32.446379+00:00,,2026-09-25T12:31:32.448379+00:00,,2026-09-25T12:31:32.450379+00:00,,2026-09-25T12:31:32.452379+00:00,,2026-09-25T12:31:32.454380+00:00,,2026-09-25T12:31:32.456380+00:00,,2026-09-25T12:31:32.458380+00:00,,2026-09-25T12:31:32.460380+00:00,,2026-09-25T12:31:32.462380+00:00,,2026-09-25T12:31:32.466380+00:00,,2026-09-25T12:31:32.468380+00:00,,2026-09-25T12:31:32.470380+00:00,,2026-09-25T12:31:32.472381+00:00,,2026-09-25T12:31:32.474381+00:00,,2026-09-25T12:31:32.476381+00:00,,2026-09-25T12:31:32.478381+00:00,,2026-09-25T12:31:32.480381+00:00,,2026-09-25T12:31:32.482381+00:00,,2026-09-25T12:31:32.484381+00:00,,2026-09-25T12:31:32.508383+00:00,,2026-09-25T12:31:32.488381+00:00,,2026-09-25T12:31:32.490382+00:00,,2026-09-25T12:31:32.492382+00:00,,2026-09-25T12:31:32.494382+00:00,,2026-09-25T12:31:32.496382+00:00,,2026-09-25T12:31:32.498382+00:00,,2026-09-25T12:31:32.500382+00:00,,2026-09-25T12:31:32.502382+00:00,,2026-09-25T12:31:32.504382+00:00,,2026-09-25T12:31:32.506383+00:00,,2026-09-25T12:31:32.486381+00:00,,2026-09-25T12:31:32.510383+00:00,,2026-09-25T12:31:32.512383+00:00,,2026-09-25T12:31:32.516383+00:00,,2026-09-25T12:31:32.518383+00:00,,2026-09-25T12:31:32.520383+00:00,,2026-09-25T12:31:32.522383+00:00,,2026-09-25T12:31:32.524384+00:00,,2026-09-25T12:31:32.548385+00:00,,2026-09-25T12:31:32.550385+00:00,,2026-09-25T12:31:32.552385+00:00,,2026-09-25T12:31:32.532384+00:00,,2026-09-25T12:31:32.534384+00:00,,2026-09-25T12:31:32.536384+00:00,,2026-09-25T12:31:32.538384+00:00,,2026-09-25T12:31:32.540384+00:00,,2026-09-25T12:31:32.542385+00:00,,2026-09-25T12:31:32.544385+00:00,,2026-09-25T12:31:32.546385+00:00,,2026-09-25T12:31:32.526384+00:00,,2026-09-25T12:31:32.528384+00:00,,2026-09-25T12:31:32.530384+00:00,,2026-09-25T12:31:32.554385+00:00,,2026-09-25T12:31:32.556385+00:00,,2026-09-25T12:31:32.558385+00:00,
17,2026-09-25T11:02:28.328177+00:00,2026-09-25T12:31:33.802457+00:00,91.006,2026-09-25T12:31:33.711451+00:00,,2026-09-25T12:31:33.719452+00:00,,2026-09-25T12:31:33.720452+00:00,,2026-09-25T12:31:33.721452+00:00,,2026-09-25T12:31:33.722452+00:00,,2026-09-25T12:31:33.723452+00:00,,2026-09-25T12:31:33.724452+00:00,,2026-09-25T12:31:33.725452+00:00,,2026-09-25T12:31:33.726452+00:00,,2026-09-25T12:31:33.727452+00:00,,2026-09-25T12:31:33.728452+00:00,,2026-09-25T12:31:33.729452+00:00,,2026-09-25T12:31:33.730453+00:00,,2026-09-25T12:31:33.731453+00:00,,2026-09-25T12:31:33.743453+00:00,,2026-09-25T12:31:33.733453+00:00,,2026-09-25T12:31:33.734453+00:00,,2026-09-25T12:31:33.735453+00:00,,2026-09-25T12:31:33.736453+00:00,,2026-09-25T12:31:33.737453+00:00,,2026-09-25T12:31:33.738453+00:00,,2026-09-25T12:31:33.750454+00:00,,2026-09-25T12:31:33.740453+00:00,,2026-09-25T12:31:33.752454+00:00,,2026-09-25T12:31:33.753454+00:00,,2026-09-25T12:31:33.732453+00:00,,2026-09-25T12:31:33.744453+00:00,,2026-09-25T12:31:33.745453+00:00,,2026-09-25T12:31:33.746453+00:00,,2026-09-25T12:31:33.747454+00:00,,2026-09-25T12:31:33.748454+00:00,,2026-09-25T12:31:33.749454+00:00,,2026-09-25T12:31:33.751454+00:00,,2026-09-25T12:31:33.741453+00:00,,2026-09-25T12:31:33.742453+00:00,,2026-09-25T12:31:33.754454+00:00,,2026-09-25T12:31:33.755454+00:00,,2026-09-25T12:31:33.767455+00:00,,2026-09-25T12:31:33.757454+00:00,,2026-09-25T12:31:33.758454+00:00,,2026-09-25T12:31:33.759454+00:00,,2026-09-25T12:31:33.760454+00:00,,2026-09-25T12:31:33.761454+00:00,,2026-09-25T12:31:33.762454+00:00,,2026-09-25T12:31:33.763454+00:00,,2026-09-25T12:31:33.764454+00:00,,2026-09-25T12:31:33.765455+00:00,,2026-09-25T12:31:33.766455+00:00,,2026-09-25T12:31:33.756454+00:00,,2026-09-25T12:31:33.768455+00:00,,2026-09-25T12:31:33.769455+00:00,,2026-09-25T12:31:33.770455+00:00,,2026-09-25T12:31:33.771455+00:00,,2026-09-25T12:31:33.772455+00:00,,2026-09-25T12:31:33.773455+00:00,,2026-09-25T12:31:33.774455+00:00,,2026-09-25T12:31:33.775455+00:00,,2026-09-25T12:31:33.776455+00:00,,2026-09-25T12:31:33.777455+00:00,,2026-09-25T12:31:33.778455+00:00,,2026-09-25T12:31:33.779455+00:00,,2026-09-25T12:31:33.780455+00:00,,2026-09-25T12:31:33.781455+00:00,,2026-09-25T12:31:33.793456+00:00,,2026-09-25T12:31:33.783456+00:00,,2026-09-25T12:31:33.784456+00:00,,2026-09-25T12:31:33.785456+00:00,,2026-09-25T12:31:33.786456+00:00,,2026-09-25T12:31:33.787456+00:00,,2026-09-25T12:31:33.788456+00:00,,2026-09-25T12:31:33.800457+00:00,,2026-09-25T12:31:33.790456+00:00,,2026-09-25T12:31:33.791456+00:00,,2026-09-25T12:31:33.792456+00:00,,2026-09-25T12:31:33.782456+00:00,,2026-09-25T12:31:33.794456+00:00,,2026-09-25T12:31:33.795456+00:00,,2026-09-25T12:31:33.796456+00:00,,2026-09-25T12:31:33.797456+00:00,,2026-09-25T12:31:33.798456+00:00,,2026-09-25T12:31:33.799456+00:00,,2026-09-25T12:31:33.801457+00:00,,2026-09-25T12:31:33.802457+00:00,
20,2026-09-25T11:02:29.372341+00:00,2026-09-25T12:31:34.846516+00:00,89.005,2026-09-25T12:31:34.757511+00:00,,2026-09-25T12:31:34.763512+00:00,,2026-09-25T12:31:34.764512+00:00,,2026-09-25T12:31:34.765512+00:00,,2026-09-25T12:31:34.766512+00:00,,2026-09-25T12:31:34.767512+00:00,,2026-09-25T12:31:34.768512+00:00,,2026-09-25T12:31:34.769512+00:00,,2026-09-25T12:31:34.770512+00:00,,2026-09-25T12:31:34.771512+00:00,,2026-09-25T12:31:34.772512+00:00,,2026-09-25T12:31:34.773512+00:00,,2026-09-25T12:31:34.774512+00:00,,2026-09-25T12:31:34.775512+00:00,,2026-09-25T12:31:34.776512+00:00,,2026-09-25T12:31:34.777512+00:00,,2026-09-25T12:31:34.778512+00:00,,2026-09-25T12:31:34.779513+00:00,,2026-09-25T12:31:34.780513+00:00,,2026-09-25T12:31:34.792513+00:00,,2026-09-25T12:31:34.782513+00:00,,2026-09-25T12:31:34.783513+00:00,,2026-09-25T12:31:34.784513+00:00,,2026-09-25T12:31:34.785513+00:00,,2026-09-25T12:31:34.786513+00:00,,2026-09-25T12:31:34.787513+00:00,,2026-09-25T12:31:34.799514+00:00,,2026-09-25T12:31:34.789513+00:00,,2026-09-25T12:31:34.790513+00:00,,2026-09-25T12:31:34.791513+00:00,,2026-09-25T12:31:34.781513+00:00,,2026-09-25T12:31:34.793513+00:00,,2026-09-25T12:31:34.805514+00:00,,2026-09-25T12:31:34.795513+00:00,,2026-09-25T12:31:34.796514+00:00,,2026-09-25T12:31:34.797514+00:00,,2026-09-25T12:31:34.798514+00:00,,2026-09-25T12:31:34.800514+00:00,,2026-09-25T12:31:34.801514+00:00,,2026-09-25T12:31:34.802514+00:00,,2026-09-25T12:31:34.814515+00:00,,2026-09-25T12:31:34.804514+00:00,,2026-09-25T12:31:34.794513+00:00,,2026-09-25T12:31:34.806514+00:00,,2026-09-25T12:31:34.807514+00:00,,2026-09-25T12:31:34.808514+00:00,,2026-09-25T12:31:34.809514+00:00,,2026-09-25T12:31:34.810514+00:00,,2026-09-25T12:31:34.811514+00:00,,2026-09-25T12:31:34.812514+00:00,,2026-09-25T12:31:34.813514+00:00,,2026-09-25T12:31:34.803514+00:00,,2026-09-25T12:31:34.815515+00:00,,2026-09-25T12:31:34.816515+00:00,,2026-09-25T12:31:34.817515+00:00,,2026-09-25T12:31:34.840516+00:00,,2026-09-25T12:31:34.819515+00:00,,2026-09-25T12:31:34.820515+00:00,,2026-09-25T12:31:34.821515+00:00,,2026-09-25T12:31:34.822515+00:00,,2026-09-25T12:31:34.823515+00:00,,2026-09-25T12:31:34.824515+00:00,,2026-09-25T12:31:34.825515+00:00,,2026-09-25T12:31:34.826515+00:00,,2026-09-25T12:31:34.827515+00:00,,2026-09-25T12:31:34.828515+00:00,,2026-09-25T12:31:34.818515+00:00,,2026-09-25T12:31:34.830515+00:00,,2026-09-25T12:31:34.831516+00:00,,2026-09-25T12:31:34.832516+00:00,,2026-09-25T12:31:34.844516+00:00,,2026-09-25T12:31:34.845516+00:00,,2026-09-25T12:31:34.835516+00:00,,2026-09-25T12:31:34.836516+00:00,,2026-09-25T12:31:34.837516+00:00,,2026-09-25T12:31:34.846516+00:00,,2026-09-25T12:31:34.839516+00:00,,2026-09-25T12:31:34.829515+00:00,,2026-09-25T12:31:34.841516+00:00,,2026-09-25T12:31:34.842516+00:00,,2026-09-25T12:31:34.843516+00:00,,2026-09-25T12:31:34.833516+00:00,,2026-09-25T12:31:34.834516+00:00,
22,2026-09-25T11:02:30.226523+00:00,2026-09-25T12:31:35.700565+00:00,85.005,2026-09-25T12:31:35.615560+00:00,,2026-09-25T12:31:35.616560+00:00,,2026-09-25T12:31:35.617560+00:00,,2026-09-25T12:31:35.618561+00:00,,2026-09-25T12:31:35.619561+00:00,,2026-09-25T12:31:35.620561+00:00,,2026-09-25T12:31:35.621561+00:00,,2026-09-25T12:31:35.622561+00:00,,2026-09-25T12:31:35.623561+00:00,,2026-09-25T12:31:35.624561+00:00,,2026-09-25T12:31:35.625561+00:00,,2026-09-25T12:31:35.626561+00:00,,2026-09-25T12:31:35.627561+00:00,,2026-09-25T12:31:35.628561+00:00,,2026-09-25T12:31:35.640562+00:00,,2026-09-25T12:31:35.630561+00:00,,2026-09-25T12:31:35.631561+00:00,,2026-09-25T12:31:35.632561+00:00,,2026-09-25T12:31:35.633561+00:00,,2026-09-25T12:31:35.634561+00:00,,2026-09-25T12:31:35.635562+00:00,,2026-09-25T12:31:35.636562+00:00,,2026-09-25T12:31:35.649562+00:00,,2026-09-25T12:31:35.638562+00:00,,2026-09-25T12:31:35.639562+00:00,,2026-09-25T12:31:35.629561+00:00,,2026-09-25T12:31:35.641562+00:00,,2026-09-25T12:31:35.642562+00:00,,2026-09-25T12:31:35.643562+00:00,,2026-09-25T12:31:35.645562+00:00,,2026-09-25T12:31:35.646562+00:00,,2026-09-25T12:31:35.658563+00:00,,2026-09-25T12:31:35.648562+00:00,,2026-09-25T12:31:35.650562+00:00,,2026-09-25T12:31:35.651562+00:00,,2026-09-25T12:31:35.652562+00:00,,2026-09-25T12:31:35.653563+00:00,,2026-09-25T12:31:35.654563+00:00,,2026-09-25T12:31:35.655563+00:00,,2026-09-25T12:31:35.656563+00:00,,2026-09-25T12:31:35.657563+00:00,,2026-09-25T12:31:35.647562+00:00,,2026-09-25T12:31:35.659563+00:00,,2026-09-25T12:31:35.660563+00:00,,2026-09-25T12:31:35.661563+00:00,,2026-09-25T12:31:35.662563+00:00,,2026-09-25T12:31:35.663563+00:00,,2026-09-25T12:31:35.664563+00:00,,2026-09-25T12:31:35.665563+00:00,,2026-09-25T12:31:35.666563+00:00,,2026-09-25T12:31:35.667563+00:00,,2026-09-25T12:31:35.668563+00:00,,2026-09-25T12:31:35.669563+00:00,,2026-09-25T12:31:35.670564+00:00,,2026-09-25T12:31:35.671564+00:00,,2026-09-25T12:31:35.672564+00:00,,2026-09-25T12:31:35.673564+00:00,,2026-09-25T12:31:35.674564+00:00,,2026-09-25T12:31:35.686564+00:00,,2026-09-25T12:31:35.676564+00:00,,2026-09-25T12:31:35.677564+00:00,,2026-09-25T12:31:35.678564+00:00,,2026-09-25T12:31:35.679564+00:00,,2026-09-25T12:31:35.680564+00:00,,2026-09-25T12:31:35.681564+00:00,,2026-09-25T12:31:35.693565+00:00,,2026-09-25T12:31:35.683564+00:00,,2026-09-25T12:31:35.684564+00:00,,2026-09-25T12:31:35.685564+00:00,,2026-09-25T12:31:35.675564+00:00,,2026-09-25T12:31:35.698565+00:00,,2026-09-25T12:31:35.688565+00:00,,2026-09-25T12:31:35.689565+00:00,,2026-09-25T12:31:35.690565+00:00,,2026-09-25T12:31:35.691565+00:00,,2026-09-25T12:31:35.692565+00:00,,2026-09-25T12:31:35.682564+00:00,,2026-09-25T12:31:35.694565+00:00,,2026-09-25T12:31:35.695565+00:00,,2026-09-25T12:31:35.696565+00:00,,2026-09-25T12:31:35.697565+00:00,,2026-09-25T12:31:35.699565+00:00,,2026-09-25T12:31:35.700565+00:00,
24,2026-09-25T11:02:31.006425+00:00,2026-09-25T12:31:36.474609+00:00,115.006,2026-09-25T12:31:36.359603+00:00,,2026-09-25T12:31:36.392605+00:00,,2026-09-25T12:31:36.393605+00:00,,2026-09-25T12:31:36.394605+00:00,,2026-09-25T12:31:36.395605+00:00,,2026-09-25T12:31:36.396605+00:00,,2026-09-25T12:31:36.397605+00:00,,2026-09-25T12:31:36.398605+00:00,,2026-09-25T12:31:36.399605+00:00,,2026-09-25T12:31:36.400605+00:00,,2026-09-25T12:31:36.401605+00:00,,2026-09-25T12:31:36.402605+00:00,,2026-09-25T12:31:36.403605+00:00,,2026-09-25T12:31:36.404605+00:00,,2026-09-25T12:31:36.405606+00:00,,2026-09-25T12:31:36.406606+00:00,,2026-09-25T12:31:36.407606+00:00,,2026-09-25T12:31:36.419606+00:00,,2026-09-25T12:31:36.409606+00:00,,2026-09-25T12:31:36.410606+00:00,,2026-09-25T12:31:36.411606+00:00,,2026-09-25T12:31:36.412606+00:00,,2026-09-25T12:31:36.413606+00:00,,2026-09-25T12:31:36.414606+00:00,,2026-09-25T12:31:36.415606+00:00,,2026-09-25T12:31:36.416606+00:00,,2026-09-25T12:31:36.417606+00:00,,2026-09-25T12:31:36.418606+00:00,,2026-09-25T12:31:36.408606+00:00,,2026-09-25T12:31:36.420606+00:00,,2026-09-25T12:31:36.421606+00:00,,2026-09-25T12:31:36.422607+00:00,,2026-09-25T12:31:36.423607+00:00,,2026-09-25T12:31:36.424607+00:00,,2026-09-25T12:31:36.425607+00:00,,2026-09-25T12:31:36.448608+00:00,,2026-09-25T12:31:36.427607+00:00,,2026-09-25T12:31:36.428607+00:00,,2026-09-25T12:31:36.429607+00:00,,2026-09-25T12:31:36.430607+00:00,,2026-09-25T12:31:36.431607+00:00,,2026-09-25T12:31:36.432607+00:00,,2026-09-25T12:31:36.433607+00:00,,2026-09-25T12:31:36.434607+00:00,,2026-09-25T12:31:36.435607+00:00,,2026-09-25T12:31:36.436607+00:00,,2026-09-25T12:31:36.426607+00:00,,2026-09-25T12:31:36.438607+00:00,,2026-09-25T12:31:36.439607+00:00,,2026-09-25T12:31:36.440608+00:00,,2026-09-25T12:31:36.452608+00:00,,2026-09-25T12:31:36.442608+00:00,,2026-09-25T12:31:36.443608+00:00,,2026-09-25T12:31:36.444608+00:00,,2026-09-25T12:31:36.445608+00:00,,2026-09-25T12:31:36.446608+00:00,,2026-09-25T12:31:36.447608+00:00,,2026-09-25T12:31:36.449608+00:00,,2026-09-25T12:31:36.450608+00:00,,2026-09-25T12:31:36.451608+00:00,,2026-09-25T12:31:36.441608+00:00,,2026-09-25T12:31:36.453608+00:00,,2026-09-25T12:31:36.454608+00:00,,2026-09-25T12:31:36.466609+00:00,,2026-09-25T12:31:36.456608+00:00,,2026-09-25T12:31:36.457609+00:00,,2026-09-25T12:31:36.458609+00:00,,2026-09-25T12:31:36.459609+00:00,,2026-09-25T12:31:36.460609+00:00,,2026-09-25T12:31:36.461609+00:00,,2026-09-25T12:31:36.462609+00:00,,2026-09-25T12:31:36.463609+00:00,,2026-09-25T12:31:36.464609+00:00,,2026-09-25T12:31:36.465609+00:00,,2026-09-25T12:31:36.455608+00:00,,2026-09-25T12:31:36.467609+00:00,,2026-09-25T12:31:36.468609+00:00,,2026-09-25T12:31:36.469609+00:00,,2026-09-25T12:31:36.470609+00:00,,2026-09-25T12:31:36.471609+00:00,,2026-09-25T12:31:36.472609+00:00,,2026-09-25T12:31:36.473609+00:00,,2026-09-25T12:31:36.474609+00:00,
25,2026-09-25T11:02:31.373596+00:00,2026-09-25T12:31:36.824630+00:00,89.006,2026-09-25T12:31:36.735624+00:00,,2026-09-25T12:31:36.742625+00:00,,2026-09-25T12:31:36.743625+00:00,,2026-09-25T12:31:36.755626+00:00,,2026-09-25T12:31:36.745625+00:00,,2026-09-25T12:31:36.746625+00:00,,2026-09-25T12:31:36.747625+00:00,,2026-09-25T12:31:36.748625+00:00,,2026-09-25T12:31:36.749625+00:00,,2026-09-25T12:31:36.750625+00:00,,2026-09-25T12:31:36.751625+00:00,,2026-09-25T12:31:36.752625+00:00,,2026-09-25T12:31:36.764626+00:00,,2026-09-25T12:31:36.754626+00:00,,2026-09-25T12:31:36.744625+00:00,,2026-09-25T12:31:36.767626+00:00,,2026-09-25T12:31:36.768626+00:00,,2026-09-25T12:31:36.758626+00:00,,2026-09-25T12:31:36.759626+00:00,,2026-09-25T12:31:36.760626+00:00,,2026-09-25T12:31:36.761626+00:00,,2026-09-25T12:31:36.762626+00:00,,2026-09-25T12:31:36.763626+00:00,,2026-09-25T12:31:36.753625+00:00,,2026-09-25T12:31:36.765626+00:00,,2026-09-25T12:31:36.766626+00:00,,2026-09-25T12:31:36.756626+00:00,,2026-09-25T12:31:36.757626+00:00,,2026-09-25T12:31:36.769626+00:00,,2026-09-25T12:31:36.770626+00:00,,2026-09-25T12:31:36.771626+00:00,,2026-09-25T12:31:36.772627+00:00,,2026-09-25T12:31:36.795628+00:00,,2026-09-25T12:31:36.774627+00:00,,2026-09-25T12:31:36.775627+00:00,,2026-09-25T12:31:36.776627+00:00,,2026-09-25T12:31:36.777627+00:00,,2026-09-25T12:31:36.778627+00:00,,2026-09-25T12:31:36.779627+00:00,,2026-09-25T12:31:36.780627+00:00,,2026-09-25T12:31:36.781627+00:00,,2026-09-25T12:31:36.782627+00:00,,2026-09-25T12:31:36.794628+00:00,,2026-09-25T12:31:36.773627+00:00,,2026-09-25T12:31:36.785627+00:00,,2026-09-25T12:31:36.797628+00:00,,2026-09-25T12:31:36.787627+00:00,,2026-09-25T12:31:36.788627+00:00,,2026-09-25T12:31:36.789628+00:00,,2026-09-25T12:31:36.790628+00:00,,2026-09-25T12:31:36.791628+00:00,,2026-09-25T12:31:36.792628+00:00,,2026-09-25T12:31:36.793628+00:00,,2026-09-25T12:31:36.783627+00:00,,2026-09-25T12:31:36.784627+00:00,,2026-09-25T12:31:36.796628+00:00,,2026-09-25T12:31:36.798628+00:00,,2026-09-25T12:31:36.810629+00:00,,2026-09-25T12:31:36.800628+00:00,,2026-09-25T12:31:36.801628+00:00,,2026-09-25T12:31:36.802628+00:00,,2026-09-25T12:31:36.803628+00:00,,2026-09-25T12:31:36.804628+00:00,,2026-09-25T12:31:36.805628+00:00,,2026-09-25T12:31:36.806628+00:00,,2026-09-25T12:31:36.807629+00:00,,2026-09-25T12:31:36.808629+00:00,,2026-09-25T12:31:36.809629+00:00,,2026-09-25T12:31:36.799628+00:00,,2026-09-25T12:31:36.811629+00:00,,2026-09-25T12:31:36.812629+00:00,,2026-09-25T12:31:36.813629+00:00,,2026-09-25T12:31:36.814629+00:00,,2026-09-25T12:31:36.815629+00:00,,2026-09-25T12:31:36.816629+00:00,,2026-09-25T12:31:36.817629+00:00,,2026-09-25T12:31:36.818629+00:00,,2026-09-25T12:31:36.819629+00:00,,2026-09-25T12:31:36.820629+00:00,,2026-09-25T12:31:36.821629+00:00,,2026-09-25T12:31:36.822629+00:00,,2026-09-25T12:31:36.823629+00:00,,2026-09-25T12:31:36.824630+00:00,
29,2026-09-25T11:02:32.860743+00:00,2026-09-25T12:31:38.334716+00:00,89.005,2026-09-25T12:31:38.245711+00:00,,2026-09-25T12:31:38.252711+00:00,,2026-09-25T12:31:38.253711+00:00,,2026-09-25T12:31:38.254711+00:00,,2026-09-25T12:31:38.266712+00:00,,2026-09-25T12:31:38.267712+00:00,,2026-09-25T12:31:38.268712+00:00,,2026-09-25T12:31:38.258712+00:00,,2026-09-25T12:31:38.259712+00:00,,2026-09-25T12:31:38.260712+00:00,,2026-09-25T12:31:38.261712+00:00,,2026-09-25T12:31:38.262712+00:00,,2026-09-25T12:31:38.263712+00:00,,2026-09-25T12:31:38.264712+00:00,,2026-09-25T12:31:38.265712+00:00,,2026-09-25T12:31:38.255711+00:00,,2026-09-25T12:31:38.256711+00:00,,2026-09-25T12:31:38.257711+00:00,,2026-09-25T12:31:38.269712+00:00,,2026-09-25T12:31:38.270712+00:00,,2026-09-25T12:31:38.271712+00:00,,2026-09-25T12:31:38.272712+00:00,,2026-09-25T12:31:38.273712+00:00,,2026-09-25T12:31:38.274712+00:00,,2026-09-25T12:31:38.275713+00:00,,2026-09-25T12:31:38.276713+00:00,,2026-09-25T12:31:38.277713+00:00,,2026-09-25T12:31:38.278713+00:00,,2026-09-25T12:31:38.279713+00:00,,2026-09-25T12:31:38.291713+00:00,,2026-09-25T12:31:38.281713+00:00,,2026-09-25T12:31:38.282713+00:00,,2026-09-25T12:31:38.283713+00:00,,2026-09-25T12:31:38.284713+00:00,,2026-09-25T12:31:38.296714+00:00,,2026-09-25T12:31:38.286713+00:00,,2026-09-25T12:31:38.287713+00:00,,2026-09-25T12:31:38.288713+00:00,,2026-09-25T12:31:38.289713+00:00,,2026-09-25T12:31:38.290713+00:00,,2026-09-25T12:31:38.280713+00:00,,2026-09-25T12:31:38.292713+00:00,,2026-09-25T12:31:38.293714+00:00,,2026-09-25T12:31:38.294714+00:00,,2026-09-25T12:31:38.295714+00:00,,2026-09-25T12:31:38.297714+00:00,,2026-09-25T12:31:38.309714+00:00,,2026-09-25T12:31:38.310715+00:00,,2026-09-25T12:31:38.300714+00:00,,2026-09-25T12:31:38.301714+00:00,,2026-09-25T12:31:38.302714+00:00,,2026-09-25T12:31:38.303714+00:00,,2026-09-25T12:31:38.304714+00:00,,2026-09-25T12:31:38.305714+00:00,,2026-09-25T12:31:38.306714+00:00,,2026-09-25T12:31:38.307714+00:00,,2026-09-25T12:31:38.308714+00:00,,2026-09-25T12:31:38.298714+00:00,,2026-09-25T12:31:38.299714+00:00,,2026-09-25T12:31:38.311715+00:00,,2026-09-25T12:31:38.312715+00:00,,2026-09-25T12:31:38.324715+00:00,,2026-09-25T12:31:38.314715+00:00,,2026-09-25T12:31:38.315715+00:00,,2026-09-25T12:31:38.316715+00:00,,2026-09-25T12:31:38.317715+00:00,,2026-09-25T12:31:38.318715+00:00,,2026-09-25T12:31:38.319715+00:00,,2026-09-25T12:31:38.320715+00:00,,2026-09-25T12:31:38.321715+00:00,,2026-09-25T12:31:38.322715+00:00,,2026-09-25T12:31:38.323715+00:00,,2026-09-25T12:31:38.313715+00:00,,2026-09-25T12:31:38.325715+00:00,,2026-09-25T12:31:38.326715+00:00,,2026-09-25T12:31:38.327715+00:00,,2026-09-25T12:31:38.328716+00:00,,2026-09-25T12:31:38.329716+00:00,,2026-09-25T12:31:38.330716+00:00,,2026-09-25T12:31:38.331716+00:00,,2026-09-25T12:31:38.332716+00:00,,2026-09-25T12:31:38.333716+00:00,,2026-09-25T12:31:38.334716+00:00,
30,2026-09-25T11:02:33.248905+00:00,2026-09-25T12:31:38.710737+00:00,110.006,2026-09-25T12:31:38.600731+00:00,,2026-09-25T12:31:38.625733+00:00,,2026-09-25T12:31:38.626733+00:00,,2026-09-25T12:31:38.627733+00:00,,2026-09-25T12:31:38.628733+00:00,,2026-09-25T12:31:38.629733+00:00,,2026-09-25T12:31:38.630733+00:00,,2026-09-25T12:31:38.631733+00:00,,2026-09-25T12:31:38.632733+00:00,,2026-09-25T12:31:38.633733+00:00,,2026-09-25T12:31:38.634733+00:00,,2026-09-25T12:31:38.646734+00:00,,2026-09-25T12:31:38.636733+00:00,,2026-09-25T12:31:38.637733+00:00,,2026-09-25T12:31:38.638733+00:00,,2026-09-25T12:31:38.650734+00:00,,2026-09-25T12:31:38.640733+00:00,,2026-09-25T12:31:38.641733+00:00,,2026-09-25T12:31:38.642734+00:00,,2026-09-25T12:31:38.643734+00:00,,2026-09-25T12:31:38.644734+00:00,,2026-09-25T12:31:38.645734+00:00,,2026-09-25T12:31:38.647734+00:00,,2026-09-25T12:31:38.648734+00:00,,2026-09-25T12:31:38.649734+00:00,,2026-09-25T12:31:38.639733+00:00,,2026-09-25T12:31:38.651734+00:00,,2026-09-25T12:31:38.652734+00:00,,2026-09-25T12:31:38.653734+00:00,,2026-09-25T12:31:38.654734+00:00,,2026-09-25T12:31:38.667735+00:00,,2026-09-25T12:31:38.668735+00:00,,2026-09-25T12:31:38.669735+00:00,,2026-09-25T12:31:38.659734+00:00,,2026-09-25T12:31:38.660735+00:00,,2026-09-25T12:31:38.661735+00:00,,2026-09-25T12:31:38.662735+00:00,,2026-09-25T12:31:38.663735+00:00,,2026-09-25T12:31:38.664735+00:00,,2026-09-25T12:31:38.676735+00:00,,2026-09-25T12:31:38.666735+00:00,,2026-09-25T12:31:38.655734+00:00,,2026-09-25T12:31:38.657734+00:00,,2026-09-25T12:31:38.658734+00:00,,2026-09-25T12:31:38.670735+00:00,,2026-09-25T12:31:38.682736+00:00,,2026-09-25T12:31:38.672735+00:00,,2026-09-25T12:31:38.673735+00:00,,2026-09-25T12:31:38.674735+00:00,,2026-09-25T12:31:38.675735+00:00,,2026-09-25T12:31:38.665735+00:00,,2026-09-25T12:31:38.677736+00:00,,2026-09-25T12:31:38.678736+00:00,,2026-09-25T12:31:38.679736+00:00,,2026-09-25T12:31:38.680736+00:00,,2026-09-25T12:31:38.681736+00:00,,2026-09-25T12:31:38.671735+00:00,,2026-09-25T12:31:38.683736+00:00,,2026-09-25T12:31:38.684736+00:00,,2026-09-25T12:31:38.697737+00:00,,2026-09-25T12:31:38.687736+00:00,,2026-09-25T12:31:38.699737+00:00,,2026-09-25T12:31:38.689736+00:00,,2026-09-25T12:31:38.690736+00:00,,2026-09-25T12:31:38.691736+00:00,,2026-09-25T12:31:38.692736+00:00,,2026-09-25T12:31:38.693736+00:00,,2026-09-25T12:31:38.694736+00:00,,2026-09-25T12:31:38.695737+00:00,,2026-09-25T12:31:38.696737+00:00,,2026-09-25T12:31:38.698737+00:00,,2026-09-25T12:31:38.688736+00:00,,2026-09-25T12:31:38.700737+00:00,,2026-09-25T12:31:38.701737+00:00,,2026-09-25T12:31:38.702737+00:00,,2026-09-25T12:31:38.703737+00:00,,2026-09-25T12:31:38.704737+00:00,,2026-09-25T12:31:38.705737+00:00,,2026-09-25T12:31:38.706737+00:00,,2026-09-25T12:31:38.707737+00:00,,2026-09-25T12:31:38.708737+00:00,,2026-09-25T12:31:38.709737+00:00,,2026-09-25T12:31:38.710737+00:00,
33,2026-09-25T11:02:34.395458+00:00,2026-09-25T12:31:39.867804+00:00,99.006,2026-09-25T12:31:39.768798+00:00,,2026-09-25T12:31:39.784799+00:00,,2026-09-25T12:31:39.785799+00:00,,2026-09-25T12:31:39.786799+00:00,,2026-09-25T12:31:39.787799+00:00,,2026-09-25T12:31:39.788799+00:00,,2026-09-25T12:31:39.790799+00:00,,2026-09-25T12:31:39.791799+00:00,,2026-09-25T12:31:39.792799+00:00,,2026-09-25T12:31:39.793799+00:00,,2026-09-25T12:31:39.794799+00:00,,2026-09-25T12:31:39.806800+00:00,,2026-09-25T12:31:39.796800+00:00,,2026-09-25T12:31:39.797800+00:00,,2026-09-25T12:31:39.798800+00:00,,2026-09-25T12:31:39.799800+00:00,,2026-09-25T12:31:39.800800+00:00,,2026-09-25T12:31:39.801800+00:00,,2026-09-25T12:31:39.802800+00:00,,2026-09-25T12:31:39.803800+00:00,,2026-09-25T12:31:39.804800+00:00,,2026-09-25T12:31:39.805800+00:00,,2026-09-25T12:31:39.795799+00:00,,2026-09-25T12:31:39.807800+00:00,,2026-09-25T12:31:39.808800+00:00,,2026-09-25T12:31:39.809800+00:00,,2026-09-25T12:31:39.810800+00:00,,2026-09-25T12:31:39.811800+00:00,,2026-09-25T12:31:39.812800+00:00,,2026-09-25T12:31:39.813800+00:00,,2026-09-25T12:31:39.814801+00:00,,2026-09-25T12:31:39.815801+00:00,,2026-09-25T12:31:39.816801+00:00,,2026-09-25T12:31:39.817801+00:00,,2026-09-25T12:31:39.818801+00:00,,2026-09-25T12:31:39.819801+00:00,,2026-09-25T12:31:39.820801+00:00,,2026-09-25T12:31:39.821801+00:00,,2026-09-25T12:31:39.822801+00:00,,2026-09-25T12:31:39.823801+00:00,,2026-09-25T12:31:39.824801+00:00,,2026-09-25T12:31:39.825801+00:00,,2026-09-25T12:31:39.826801+00:00,,2026-09-25T12:31:39.838802+00:00,,2026-09-25T12:31:39.839802+00:00,,2026-09-25T12:31:39.840802+00:00,,2026-09-25T12:31:39.830801+00:00,,2026-09-25T12:31:39.831802+00:00,,2026-09-25T12:31:39.832802+00:00,,2026-09-25T12:31:39.833802+00:00,,2026-09-25T12:31:39.845802+00:00,,2026-09-25T12:31:39.835802+00:00,,2026-09-25T12:31:39.836802+00:00,,2026-09-25T12:31:39.837802+00:00,,2026-09-25T12:31:39.827801+00:00,,2026-09-25T12:31:39.828801+00:00,,2026-09-25T12:31:39.829801+00:00,,2026-09-25T12:31:39.841802+00:00,,2026-09-25T12:31:39.842802+00:00,,2026-09-25T12:31:39.843802+00:00,,2026-09-25T12:31:39.844802+00:00,,2026-09-25T12:31:39.846802+00:00,,2026-09-25T12:31:39.847802+00:00,,2026-09-25T12:31:39.848802+00:00,,2026-09-25T12:31:39.849803+00:00,,2026-09-25T12:31:39.850803+00:00,,2026-09-25T12:31:39.851803+00:00,,2026-09-25T12:31:39.852803+00:00,,2026-09-25T12:31:39.853803+00:00,,2026-09-25T12:31:39.854803+00:00,,2026-09-25T12:31:39.855803+00:00,,2026-09-25T12:31:39.856803+00:00,,2026-09-25T12:31:39.857803+00:00,,2026-09-25T12:31:39.858803+00:00,,2026-09-25T12:31:39.859803+00:00,,2026-09-25T12:31:39.860803+00:00,,2026-09-25T12:31:39.861803+00:00,,2026-09-25T12:31:39.862803+00:00,,2026-09-25T12:31:39.863803+00:00,,2026-09-25T12:31:39.864803+00:00,,2026-09-25T12:31:39.865803+00:00,,2026-09-25T12:31:39.866804+00:00,,2026-09-25T12:31:39.867804+00:00,
